run_id;modelo;quantizacao;pergunta_id;tipo;resposta_gerada;ids_recuperados;ids_citados;citacoes_validas;total_citacoes;alucinacao;recusou_correto;latencia_1tok_s;tokens_por_s;vram_gb;temperatura;seed;timestamp
r001;mistralai/mistral-7b-instruct-v0.3;Q4_K_M;Q01;Factual direta;"A senadora Damares Alves discursou sobre segurança no dia 16 de maio de 2025; na Sessão Solene destinada à comemorar o Dia da Polícia Militar do Distrito Federal [D1]. Nesse período; a predominância de temas em seus discursos foi a segurança (13%); seguida por outros assuntos (28%) e direitos humanos (6%). Ela é o 14º mais ativo entre os senadores analisados; com 6 discursos no período.";D1;D2;D3;D4;D5;D6;D7;D8;D9;D10;D11;D12;D13;D14;D15;D1;1;1;0;;3.867;21.75;;0.1;42;2026-06-08T23:42:24
r002;mistralai/mistral-7b-instruct-v0.3;Q4_K_M;Q02;Factual direta;"Eduardo Girão apresentou um discurso sobre a CPI das Bets no dia 16 de maio de 2025 (D1). O tema predominante do discurso foi a política; conforme as estatísticas agregadas da amostra. No período analisado; o senador Girão é o quarto mais ativo em número de discursos; com nove apresentados.";D1;D2;D3;D4;D5;D6;D7;D8;D9;D10;D11;D12;D13;D14;D15;D1;1;1;0;;3.128;19.96;;0.1;42;2026-06-08T23:42:28
r003;mistralai/mistral-7b-instruct-v0.3;Q4_K_M;Q03;Factual direta;"A senadora Leila Barros defendeu a valorização da categoria com qualificação contínua; reconhecimento profissional; valorização salarial e melhoria das condições de trabalho para a Polícia Militar do Distrito Federal (PMDF); em seu discurso sobre ela durante uma sessão solene em 16 de maio de 2025 [D1]. Neste período; o tema ""Política"" foi o quarto mais frequente entre os discursos dos senadores; com 41 ocorrências. A PMDF foi a instituição mais defendida no tema ""Segurança""; com 13 ocorrências. O período analisado é curto; mas as discussões sobre a PMDF e suas condições de trabalho estão entre os principais assuntos abordados pelos senadores.";D1;D2;D3;D4;D5;D6;D7;D8;D1;1;1;0;;2.947;30.51;;0.1;42;2026-06-08T23:42:36
r004;mistralai/mistral-7b-instruct-v0.3;Q4_K_M;Q04;Factual direta;"O aniversário de 35 anos da Conab foi comemorado em duas sessões solenes no período analisado (2025-05-05 a 2025-05-16). Dentre os discursos registrados; o senador Paulo Paim foi o mais ativo na discussão sobre o assunto; com um total de 16 discursos. Outros senadores que se destacaram foram Eduardo Girão (9); Chico Rodrigues (7) e Izalci Lucas (6).  O tema predominante nas sessões solenes foi o trabalho; com 44 discursos registrados. O aniversário da Conab foi discutido em 6 discursos; sendo que 3 deles foram feitos por Paulo Paim [D6]. Outros senadores que falaram sobre o assunto foram Fredérico Cabral de Menezes e Julciane Anzilago [D1]; [D2] e João Edegar Pretto [D4].  Embora o período analisado seja curto; é possível observar que a Conab foi discutida em sessões solenes destinadas à celebração de seus aniversários. A importância da Conab para a segurança alimentar e nutricional do país foi destacada por vários senadores.";D1;D2;D3;D4;D5;D6;D7;D8;D9;D10;D11;D12;D13;D14;D15;D6;D1;D2;D4;4;4;0;;3.094;35.09;;0.1;42;2026-06-08T23:42:45
r005;mistralai/mistral-7b-instruct-v0.3;Q4_K_M;Q05;Factual direta;"O senador Confúcio Moura pertence ao estado de Rondônia e representa o Movimento Democrático Brasileiro (MDB) no Senado Federal. Ele é um dos parlamentares mais ativos; tendo participado de 16 discursos durante o período analisado. O tema predominante em seus discursos foi a educação; com 2 discursos dedicados a este assunto ([D1]; [D2]). Outros temas abordados incluem outros assuntos gerais e políticas; cada um com um discurso.";D1;D2;D3;D4;D5;D6;D7;D8;D9;D10;D11;D12;D13;D14;D15;D1;D2;2;2;0;;3.135;23.94;;0.1;42;2026-06-08T23:42:50
r006;mistralai/mistral-7b-instruct-v0.3;Q4_K_M;Q06;Factual direta;"O senador Izalci Lucas pertence ao Partido Liberal (PL); como evidenciado pelas fontes recuperadas que listam o partido do senador em cada discurso. No período analisado; ele foi um dos mais ativos no Senado Federal; com seis discursos registrados. O tema predominante de seus discursos foi ""Outros""; com quatro ocorrências; seguido por ""Segurança"" com três ocorrências [D1; D3; D6]. Este período é curto; mas os dados indicam que Izalci Lucas se concentrou em discussões sobre segurança e questões específicas relacionadas ao INSS.";D1;D2;D3;D4;D5;D6;D1;D3;D6;3;3;0;;2.864;28.14;;0.1;42;2026-06-08T23:42:56
r007;mistralai/mistral-7b-instruct-v0.3;Q4_K_M;Q07;Factual direta;"A Sessão Solene do Dia da Polícia Militar do Distrito Federal; realizada em 16 de maio de 2025; foi principalmente dedicada ao tema Segurança ([D1]; [D3]; [D4]). Os parlamentares Izalci Lucas e Leila Barros foram os mais ativos nesta sessão (segundo lugar e primeiro lugar na amostra de 152 discursos; respectivamente). Outros temas abordados durante o período incluem Política ([D2]) e Trabalho ([D6]-[D9]); embora estes tenham sido menos frequentes. É importante ressaltar que este período é curto e a amostra pode não ser representativa da totalidade dos discursos sobre o tema Segurança no Senado Federal.";D1;D2;D3;D4;D5;D6;D7;D8;D9;D10;D11;D12;D13;D14;D15;D1;D3;D4;D2;D6;D9;6;6;0;;3.144;29.12;;0.1;42;2026-06-08T23:43:03
r008;mistralai/mistral-7b-instruct-v0.3;Q4_K_M;Q08;Factual direta;"O senador Izalci Lucas propôs durante um discurso em 16 de maio de 2025 (ref: D1) a reforma política que elimine a exigência de quarentena de 4 anos para policiais militares concorrerem a cargos eletivos. Este tema foi discutido em apenas um dos 152 discursos analisados; representando 0;67% do total. Izalci Lucas é o senador que mais se expressou sobre este assunto; sendo o quarto mais ativo na amostra.  Neste período curto de 12 dias; a maioria dos discursos foi dedicada a temas como trabalho e política; com frequências de 44 e 41 respectivamente. A reforma proposta pelo senador Izalci Lucas sobre a quarentena para policiais militares concorrerem a cargos eletivos é uma questão relativa à política.  É importante ressaltar que as estatísticas agregadas apresentam dados de um período curto; portanto; podem não ser representativas da atuação geral dos senadores no Senado Federal. Para obter informações mais detalhadas sobre a posição de cada parlamentar em relação a este assunto; é recomendável analisar discursos adicionais e outros registros de atividades parlamentares.";D1;D2;D3;D4;D5;D6;D7;D8;D9;D10;D11;D12;D13;D14;D15;;0;0;0;;2.924;36.85;;0.1;42;2026-06-08T23:43:12
r009;mistralai/mistral-7b-instruct-v0.3;Q4_K_M;Q09;Factual direta;"Eduardo Girão fez um discurso sobre as empresas de apostas online no dia 16 de maio de 2025 (ref: D1). Este foi o único discurso do senador sobre esse tema durante a amostra analisada; que abrangeu os dias de 5 a 16 de maio de 2025 e contou com 152 registros. Eduardo Girão foi um dos parlamentares mais ativos na amostra; tendo feito 9 discursos em total (ranking global: 3º).";D1;D2;D3;D4;D5;D6;D7;D8;D9;D10;D11;D12;D13;D14;D15;;0;0;0;;2.837;26.11;;0.1;42;2026-06-08T23:43:17
r010;mistralai/mistral-7b-instruct-v0.3;Q4_K_M;Q10;Factual direta;"O senador Eduardo Girão foi o único que elogiou o técnico Filipe Luis em seu discurso durante o período de 5 a 16 de maio de 2025; conforme registro [D1]. Neste período; foram registrados 152 discursos no Senado Federal. O senador mais ativo foi Paulo Paim com 16 discursos; seguido por Eduardo Girão com 9 discursos. Os temas predominantes foram Trabalho e Política; com 44 e 41 ocorrências respectivamente. No entanto; é importante ressaltar que este período foi curto e a amostra de discursos pode não ser representativa da atividade parlamentar geral.";D1;D1;1;1;0;;2.638;30.98;;0.1;42;2026-06-08T23:43:23
r011;mistralai/mistral-7b-instruct-v0.3;Q4_K_M;Q11;Factual direta;"O discurso de Damares Alves não cita especificamente um projeto de lei em nenhum dos seus três discursos na amostra analisada. No entanto; é possível identificar que ela apoia projetos relacionados à segurança; direitos humanos e outros temas [D1; D2; D3]. Não há evidências de que haja um projeto específico citado em nenhum dos discursos analisados.";D1;D2;D3;D4;D5;D6;D7;D8;D9;D10;D11;D12;D13;D14;D15;D1;D2;D3;3;3;0;;3.104;23.01;;0.1;42;2026-06-08T23:43:29
r012;mistralai/mistral-7b-instruct-v0.3;Q4_K_M;Q12;Factual direta;"O tema atribuído ao discurso de Confúcio Moura sobre seu aniversário não foi especificado nas estatísticas agregadas fornecidas; pois o tema ""Outros"" é um grupo heterogêneo que inclui assuntos não classificados em outros grupos. No entanto; analisando os discursos de Confúcio Moura na amostra; ele falou sobre sua satisfação com a celebração do aniversário ([D1]); avanços e desafios da educação no Estado de Rondônia ([D2]) e reflexões sobre as formas de melhorar a qualidade da educação brasileira ([D3]). Considerando que o período é curto; é possível que o tema do aniversário tenha sido o principal foco de seu discurso.";D1;D2;D3;D4;D5;D6;D7;D8;D9;D10;D11;D12;D13;D14;D15;D1;D2;D3;3;3;0;;3.143;29.25;;0.1;42;2026-06-08T23:43:36
r013;mistralai/mistral-7b-instruct-v0.3;Q4_K_M;Q13;Factual direta;"Na amostra de 152 discursos entre os dias 5 e 16 de maio de 2025; o senador Izalci Lucas (PL) abriu a Sessão Solene do Dia da PMDF com três discursos diferentes [D4; D5; D1]. No entanto; não há registro de que ele tenha aberto especificamente a Sessão Solene do Dia da PMDF. O senador Leila Barros (PDT) é o único que abriu um discurso naquele dia com tema relacionado à PMDF [D1].  O encerramento da Sessão Solene do Dia da PMDF foi realizado pelo mesmo senador Izalci Lucas [D3]; conforme registros disponíveis. Não há outro discurso na amostra que tenha sido feito para encerrar a sessão solene em questão.  A amostra é curta; portanto; as informações podem não ser completas e pode haver discursos adicionais que não foram registrados nesta amostra.";D1;D2;D3;D4;D5;D6;D7;D8;D9;D10;D11;D12;D13;D14;D15;D4;D5;D1;D1;D3;5;5;0;;3.118;33.21;;0.1;42;2026-06-08T23:43:44
r014;mistralai/mistral-7b-instruct-v0.3;Q4_K_M;Q14;Factual direta;"O discurso de Frederico Cabral de Menezes sobre a Conab não fornece informações específicas sobre o partido ou a UF do orador; pois essas informações não estão disponíveis nos dados fornecidos. No entanto; podemos observar que o discurso foi realizado em um período curto de 12 dias (de 5 a 16 de maio de 2025); durante o qual foram registrados 152 discursos no Senado Federal. O senador mais ativo neste período foi Paulo Paim; com 16 discursos; seguido por Eduardo Girão e Chico Rodrigues; com 9 e 7 discursos respectivamente (estatísticas agregadas).  Nesse mesmo período; os temas predominantes nos discursos foram o trabalho (44 vezes); política (41 vezes) e outros (28 vezes). O discurso de Frederico Cabral de Menezes sobre a Conab foi classificado como relacionado ao trabalho; conforme as estatísticas agregadas.  Para obter informações adicionais sobre o partido e a UF do senador Frederico Cabral de Menezes; podemos consultar fontes externas ou discursos anteriores ou posteriores ao período analisado aqui.";D1;D2;D3;D4;D5;D6;D7;D8;D9;D10;D11;D12;D13;D14;;0;0;0;;3.09;35.16;;0.1;42;2026-06-08T23:43:53
r015;mistralai/mistral-7b-instruct-v0.3;Q4_K_M;Q15;Agregacao/contagem;"Na amostra de 152 discursos analisados entre os dias 5 e 16 de maio de 2025; foram identificados 13 discursos sobre o tema Segurança. O senador Izalci Lucas foi o mais ativo neste tema com quatro discursos; seguido por Damares Alves e Leila Barros com três discursos cada ([D2]; [D3]; [D9]). Os outros discursos sobre Segurança foram apresentados por senadores como Eduardo Girão; Paulo Paim e Chico Rodrigues ([D1]; [D4]). É importante ressaltar que este período é curto e a amostra pode não ser representativa da frequência geral de discursos sobre Segurança nos discursos dos senadores.";D1;D2;D3;D4;D5;D6;D7;D8;D9;D10;D11;D12;D13;D14;D15;D2;D3;D9;D1;D4;5;5;0;;3.181;29.07;;0.1;42;2026-06-08T23:44:00
r016;mistralai/mistral-7b-instruct-v0.3;Q4_K_M;Q16;Agregacao/contagem;"O senador que fez o maior número de discursos no período coberto foi Paulo Paim; com 16 discursos. Este período é curto e os dados apresentam uma predominância de temas relacionados à política; com 41 discursos sobre este assunto. Outros temas relevantes incluem trabalho (44 discursos); segurança (13 discursos) e educação (7 discursos). Além do senador Paulo Paim; os demais cinco senadores mais ativos foram Eduardo Girão (9 discursos); Chico Rodrigues (7 discursos); Izalci Lucas (6 discursos); Humberto Costa (5 discursos) e Esperidião Amin (5 discursos). [D1; D2; D3; D4; D5; D6; D7; D8; D9; D10]";D1;D2;D3;D4;D5;D6;D7;D8;D9;D10;D1;D2;D3;D4;D5;D6;D7;D8;D9;D10;10;10;0;;3.212;29.76;;0.1;42;2026-06-08T23:44:07
r017;mistralai/mistral-7b-instruct-v0.3;Q4_K_M;Q17;Agregacao/contagem;"No período analisado; foram registrados cinco discursos que abordaram a Polícia Militar do Distrito Federal (PMDF); representando apenas 3;3% dos 152 discursos registros no Senado Federal. Os parlamentares que mais se destacaram neste tema foram Izalci Lucas (PL) com três discursos sobre a PMDF [D1; D4; D5]. Outros senadores que falaram sobre o assunto foram Leila Barros (PDT) e Damares Alves (REPUBLICANOS); ambos com um discurso cada [D2; D3]. É importante ressaltar que este período é curto e a amostra pode não ser representativa do debate geral sobre o tema.";D1;D2;D3;D4;D5;D6;D7;D8;D9;D10;D11;D12;D13;D14;D15;D1;D4;D5;D2;D3;5;5;0;;3.092;28.08;;0.1;42;2026-06-08T23:44:14
r018;mistralai/mistral-7b-instruct-v0.3;Q4_K_M;Q18;Agregacao/contagem;"Os três temas mais recorrentes nos discursos do período foram Trabalho (44 vezes); Política (41 vezes) e Outros (28 vezes). O senador Paulo Paim foi o que mais se expressou; com 16 discursos; seguido por Eduardo Girão (9); Chico Rodrigues (7); Izalci Lucas (6); Humberto Costa (5); Esperidião Amin (5) e Plínio Valério (5). Além dos dados apresentados acima; é possível observar que o tema Economia foi abordado pelo senador Zenaide Maia em seu discurso [D1]; onde pediu a votação da PEC nº 79/2019 sobre juros cobrados no cartão de crédito e no cheque especial. O tema Infraestrutura foi abordado pelo senador Esperidião Amin em seu discurso [D2]; onde apelou aos Senadores para assinar a PEC que trata da possibilidade de fragmentar o período de descanso obrigatório dos motoristas em rodovias.";D1;D2;D1;D2;2;2;0;;2.749;35.64;;0.1;42;2026-06-08T23:44:21
r019;mistralai/mistral-7b-instruct-v0.3;Q4_K_M;Q19;Agregacao/contagem;"No dia 16 de maio de 2025; sete senadores diferentes discursaram. Os mais ativos foram Esperidião Amin (PP); com dois discursos; e Paulo Paim (PT) e Plínio Valério (PSDB); ambos com um discurso cada. É importante ressaltar que este período é curto e a amostra de 152 discursos pode não ser representativa da atividade dos senadores ao longo do ano. [D4; D5]";D1;D2;D3;D4;D5;D6;D7;D8;D9;D10;D11;D12;D13;D14;D15;D4;D5;2;2;0;;3.291;22.56;;0.1;42;2026-06-08T23:44:27
r020;mistralai/mistral-7b-instruct-v0.3;Q4_K_M;Q20;Agregacao/contagem;"O senador Eduardo Girão proferiu nove discursos no período analisado (2025-05-05 a 2025-05-16). Ele é o nono mais ativo entre os parlamentares; com o número de discursos sendo ultrapassado apenas por Paulo Paim (16); Eduardo Girão (9); Chico Rodrigues (7); Izalci Lucas (6); Humberto Costa (5); Esperidião Amin (5); Plínio Valério (5) e outros. O tema mais frequente em seus discursos foi Política; com quatro ocorrências; seguido por Outros (3); Saúde (1) e Infraestrutura (1). [D7]; [D8]; [D9]; [D10] são exemplos de discursos do senador Eduardo Girão sobre Política.";D1;D2;D3;D4;D5;D6;D7;D8;D9;D10;D11;D12;D13;D14;D7;D8;D9;D10;4;4;0;;3.223;29.76;;0.1;42;2026-06-08T23:44:34
r021;mistralai/mistral-7b-instruct-v0.3;Q4_K_M;Q21;Agregacao/contagem;"A amostra de discursos contém registros de 152 sessões distintas; cobertas no período entre 2025-05-05 e 2025-05-16. Os parlamentares mais ativos neste intervalo foram Paulo Paim (16 discursos); Eduardo Girão (9); Chico Rodrigues (7); Izalci Lucas (6); Humberto Costa (5); Esperidião Amin (5) e Plínio Valério (5). Os temas predominantes foram Trabalho (44 discursos); Política (41); Outros (28); Segurança (13); Educação (7); Economia (7); Direitos Humanos (6) e Saúde (2). [D1; D2; D3; D4; D5] foram discursos sobre a comemoração do Dia da Polícia Militar do Distrito Federal. [D6; D7; D8; D9; D10] foram discursos sobre a celebração do aniversário de 35 anos da Companhia Nacional de Abastecimento (Conab).";D1;D2;D3;D4;D5;D6;D7;D8;D9;D10;D11;D12;D13;D14;D15;D1;D2;D3;D4;D5;D6;D7;D8;D9;D10;10;10;0;;3.096;33.43;;0.1;42;2026-06-08T23:44:43
r022;mistralai/mistral-7b-instruct-v0.3;Q4_K_M;Q22;Agregacao/contagem;"Na amostra de 152 discursos do Senado Federal entre os dias 5 e 16 de maio de 2025; foram identificados 41 discursos com o tema ""Política"". O senador mais ativo nesse período foi Paulo Paim; com 16 discursos; seguido por Eduardo Girão com 9 discursos. Outros senadores que se destacaram no tema foram Chico Rodrigues (7); Izalci Lucas (6) e Humberto Costa (5). Além desses; Esperidião Amin; Plínio Valério e outros também contribuíram com discursos sobre ""Política"".";D1;D2;D3;D4;D5;D6;D7;D8;D9;D10;D11;D12;D13;D14;D15;;0;0;0;;3.226;26.44;;0.1;42;2026-06-08T23:44:49
r023;mistralai/mistral-7b-instruct-v0.3;Q4_K_M;Q23;Comparacao;"Durante o período de 5 a 16 de maio de 2025; Eduardo Girão discursou 9 vezes e Izalci Lucas discursou 6 vezes; sendo que Eduardo Girão foi o parlamentar mais ativo no período. [D1; D5-D12]  Entre os temas abordados; a política foi o mais frequente (41 vezes); seguido por trabalho (44 vezes). [Estatísticas agregadas]  O período analisado é curto; com apenas 11 dias. Portanto; as estatísticas podem mudar significativamente se o período for expandido.";D1;D2;D3;D4;D5;D6;D7;D8;D9;D10;D11;D12;D13;D14;D15;;0;0;0;;3.227;26.47;;0.1;42;2026-06-08T23:44:55
r024;mistralai/mistral-7b-instruct-v0.3;Q4_K_M;Q24;Comparacao;"Os discursos de Leila Barros e Damares Alves sobre a PMDF não trataram dos mesmos pontos em seu período analisado; pois o tema predominante nas suas intervenções foi diferente. A senadora Leila Barros focou principalmente no tema ""Trabalho"" (44 vezes); enquanto Damares Alves abordou mais frequentemente a ""Política"" (41 vezes) e a ""Segurança"" (13 vezes). No entanto; ambas as senadoras se expressaram sobre a importância da PMDF em suas intervenções. Por exemplo; Leila Barros defendeu a valorização da categoria com qualificação contínua e melhoria das condições de trabalho [D1]; enquanto Damares Alves destacou a excelência da PMDF e defendeu valorização da carreira policial [D2].";D1;D2;D3;D4;D5;D1;D2;2;2;0;;3.071;31.26;;0.1;42;2026-06-08T23:45:02
r025;mistralai/mistral-7b-instruct-v0.3;Q4_K_M;Q25;Comparacao;"O tema com mais discursos no período analisado foi Política (41); seguido por Trabalho (40). A senadora Leila Barros foi o parlamentar que mais se expressou; totalizando 16 discursos. Este período abrangeu apenas dois semanas; de 2025-05-05 a 2025-05-16; com um total de 152 discursos registrados. [D1]; [D2]; [D3] e [D5] são alguns exemplos de discursos sobre Política; enquanto [D4] é um discurso sobre Trabalho.";D1;D2;D3;D4;D5;D6;D7;D8;D9;D10;D11;D12;D13;D14;D15;D1;D2;D3;D5;D4;5;5;0;;3.121;26.46;;0.1;42;2026-06-08T23:45:08
r026;mistralai/mistral-7b-instruct-v0.3;Q4_K_M;Q26;Comparacao;"As posições de Leila Barros (PDT) e Damares Alves (REPUBLICANOS) sobre a valorização da PMDF foram convergentes no período analisado; pois ambas defenderam a valorização da carreira policial com promoções e reajustes salariais [D1; D2]. No entanto; é importante ressaltar que o período de análise foi curto (apenas 11 dias); portanto; as posições de ambos podem ter se divergido em outros temas ou contextos.";D1;D2;D3;D4;D5;D6;D7;D8;D9;D10;D11;D12;D13;D14;D15;D1;D2;2;2;0;;3.129;24.71;;0.1;42;2026-06-08T23:45:14
r027;mistralai/mistral-7b-instruct-v0.3;Q4_K_M;Q27;Comparacao;"Os discursos sobre a PMDF foram feitos por senadores de quatro estados diferentes. O senador mais ativo em discutir esse tema foi o Paulo Paim; que apresentou 16 discursos no período analisado. Em segundo lugar; encontramos Eduardo Girão e Chico Rodrigues; com nove e sete discursos respectivamente. Os estados representados pelos senadores mais ativos em discutir a PMDF foram o Distrito Federal (Paulo Paim); Minas Gerais (Eduardo Girão) e São Paulo (Chico Rodrigues). [D1; D2]  É importante ressaltar que o período analisado é curto; contendo apenas 152 discursos. Portanto; a amostra pode não ser representativa de todos os estados do país. No entanto; esses dados podem servir como base para uma análise preliminar dos discursos sobre a PMDF nos senadores federais. [D1; D2]";D1;D2;D3;D4;D5;D6;D7;D8;D9;D10;D1;D2;D1;D2;4;4;0;;3.097;31.65;;0.1;42;2026-06-08T23:45:22
r028;mistralai/mistral-7b-instruct-v0.3;Q4_K_M;Q28;Comparacao;"Sim; houve uma mudança no foco temático dos discursos entre os dias 14/05 e 16/05/2025. No dia 14/05; o tema predominante foi o trabalho com 8 discursos (D4 a D14); enquanto no dia 16/05; o tema mais discutido foi a política com 3 discursos (D1; D2 e D3). No período de 2 dias; o trabalho permaneceu como o tema mais frequente; mas houve uma variação no dia 16/05 com um aumento na discussão sobre política.";D1;D2;D3;D4;D5;D6;D7;D8;D9;D10;D11;D12;D13;D14;D15;;0;0;0;;3.281;26.1;;0.1;42;2026-06-08T23:45:28
r029;mistralai/mistral-7b-instruct-v0.3;Q4_K_M;Q29;Busca por tema;"No período analisado; foram registrados 152 discursos no Senado Federal. Dentre eles; seis trataram do tema Segurança (4% da amostra). Os parlamentares que mais falaram sobre este assunto foram Izalci Lucas (PL); com quatro discursos [D1; D4]; e Damares Alves (REPUBLICANOS) e Leila Barros (PDT); ambos com um discurso cada [D3; D2]. Os demais discursos sobre Segurança foram feitos por senadores que também falaram sobre outros temas. É importante ressaltar que este período é curto e a amostra pode não ser representativa da frequência geral dos discursos sobre Segurança no Senado Federal.";D1;D2;D3;D4;D5;D6;D7;D8;D9;D10;D11;D12;D13;D14;D15;D1;D4;D3;D2;4;4;0;;3.198;28.02;;0.1;42;2026-06-08T23:45:35
r030;mistralai/mistral-7b-instruct-v0.3;Q4_K_M;Q30;Busca por tema;"Sim; existem discursos que mencionam empresas de apostas online no contexto do futebol brasileiro. O senador Eduardo Girão foi o mais ativo em discutir esse tema; com um total de 9 discursos durante o período analisado [D1]. Outros parlamentares que mencionaram a questão foram Paulo Paim e Chico Rodrigues; com 7 e 6 discursos respectivamente. Nesse contexto; os temas Política e Trabalho são predominantes na amostra de 152 discursos analisados.";D1;D2;D3;D4;D5;D6;D7;D8;D9;D10;D11;D1;1;1;0;;3.173;24.76;;0.1;42;2026-06-08T23:45:41
r031;mistralai/mistral-7b-instruct-v0.3;Q4_K_M;Q31;Busca por tema;"Os discursos relacionados à Companhia Nacional de Abastecimento (Conab) foram registrados em uma sessão solene celebrando o aniversário de 35 anos da criação do órgão; realizada entre os dias 14 e 15 de maio. Nesta ocasião; sete senadores se pronunciaram sobre a Conab; sendo Paulo Paim o mais ativo com um discurso [D6]. Outros parlamentares que se manifestaram foram Frederico Cabral de Menezes; Julciane Anzilago; Lilian dos Santos Rahal; João Edegar Pretto; Fernanda Machiavelli e Sérgio Petecão. Os temas predominantes nos discursos foram Trabalho (4 discursos) e Economia (2 discursos); com destaque para a importância da Conab na segurança alimentar; na regulação do mercado agrícola e na garantia de estabilidade de preços [D6]. Outros temas abordados foram Educação [D3] e Meio Ambiente [D9]. Neste período curto; não foi possível identificar discursos relacionados a Política; Segurança; Direitos Humanos; Saúde; Infraestrutura ou Meio Ambiente.";D1;D2;D3;D4;D5;D6;D7;D8;D9;D10;D11;D12;D13;D14;D15;D6;D6;D3;D9;4;4;0;;3.139;34.53;;0.1;42;2026-06-08T23:45:50
r032;mistralai/mistral-7b-instruct-v0.3;Q4_K_M;Q32;Busca por tema;"Na amostra de 152 discursos do Senado Federal entre os dias 5 e 16 de maio de 2025; apenas três discursos abordaram a valorização de carreiras ou categorias profissionais. Os parlamentares que discutiram esse tema foram Leila Barros (PMDF) [D1]; Júlciene Anzilago (Conab) [D3] e Paulo Paim (salário mínimo) [D5]. A valorização da carreira policial foi discutida por Leila Barros e Damares Alves; enquanto a valorização da agricultura camponesa foi abordada por Júlciene Anzilago. O discurso de Paulo Paim não se concentrou especificamente em uma carreira ou categoria profissional; mas sim no salário mínimo como instrumento para combater a pobreza e fortalecer a economia [D5].";D1;D2;D3;D4;D5;D6;D1;D3;D5;D5;4;4;0;;2.971;32.36;;0.1;42;2026-06-08T23:45:57
r033;mistralai/mistral-7b-instruct-v0.3;Q4_K_M;Q33;Sem resposta no corpus;"O resultado da votação da CPI das Bets não foi registrado nos discursos analisados neste período de 12 dias (de 5 a 16 de maio de 2025); pois os discursos abordaram temas diversos; como trabalho; política; outros; segurança; educação; economia; direitos humanos; saúde e infraestrutura. No entanto; o senador Eduardo Girão foi o mais ativo em relação aos discursos (9); seguido por Paulo Paim (16) e Chico Rodrigues (7). A CPI das Bets não apareceu como tema predominante nos discursos analisados; com apenas um discurso mencionando-a [D1]. Porém; considerando o curto período de análise; é possível que a votação da CPI tenha sido discutida em outros dias ou em discursos não incluídos nesta amostra.";D1;D2;D3;D4;D5;D6;D7;D1;1;1;0;0;3.01;32.0;;0.1;42;2026-06-08T23:46:05
r034;mistralai/mistral-7b-instruct-v0.3;Q4_K_M;Q34;Sem resposta no corpus;"O senador Eduardo Girão não discursou em janeiro de 2023 na amostra analisada; que abrange apenas os discursos registrados entre os dias 5 e 16 de maio de 2025. No entanto; podemos obter informações sobre seus temas preferidos e sua atividade parlamentar em geral. Eduardo Girão é o quarto mais ativo na amostra analisada; com nove discursos; sendo que os temas predominantes em seus discursos são Política (42%) e Outros (33%). [D1]; [D2]; [D3]; [D8]; [D9] e [D10] são alguns dos discursos de Eduardo Girão que estão disponíveis na amostra analisada.";D1;D2;D3;D4;D5;D6;D7;D8;D9;D10;D11;D12;D13;D14;D15;D1;D2;D3;D8;D9;D10;6;6;0;0;3.019;29.49;;0.1;42;2026-06-08T23:46:11
r035;mistralai/mistral-7b-instruct-v0.3;Q4_K_M;Q35;Sem resposta no corpus;"O discurso integral de Damares Alves sobre a PMDF não está disponível nos dados fornecidos; pois nenhum dos seus discursos trata especificamente deste tema no período analisado (2025-05-05 a 2025-05-16). No entanto; podemos apresentar dados relevantes sobre sua atividade parlamentar e o tema geral de segurança; que é um dos mais discutidos no Senado Federal.  Damares Alves é o 8º senador mais ativo no período analisado; com três discursos registrados ([D1]; [D3]; [D4]). O tema predominante nos discursos de Damares Alves foi a política; seguido por segurança e outros temas.  A PMDF é um dos principais temas discutidos no Senado Federal em relação à segurança; com 13 discursos registrados sobre este assunto no período analisado. Damares Alves não se destaca como especialista neste tema; mas sua atividade parlamentar é significativa e diversificada.  Para obter informações adicionais sobre o discurso de Damares Alves sobre a PMDF ou outros temas; recomendamos consultar fontes externas ou perguntar a um assistente especializado em informação jurídica e política.";D1;D2;D3;D4;D1;D3;D4;3;3;0;0;2.84;37.37;;0.1;42;2026-06-08T23:46:21
r036;mistralai/mistral-7b-instruct-v0.3;Q4_K_M;Q36;Sem resposta no corpus;"O senador Paulo Paim foi um dos mais ativos no Senado Federal durante o período analisado; tendo participado de 16 discursos. No entanto; não há informações disponíveis sobre sua última eleição e; portanto; não é possível responder à pergunta especificada sobre o número de votos recebidos.  Entretanto; podemos observar que o tema mais frequente nos discursos do senador Paulo Paim foi o trabalho (44% dos discursos); seguido por política (41%) e economia (7%). Além disso; ele também abordou direitos humanos (6%) e outros temas (28%).  Durante o período analisado; Paulo Paim participou de um discurso sobre a segurança alimentar [D1]; uma homenagem ao ex-presidente do Uruguai José Mujica [D2] e apoiou uma proposta de voto de pesar pelo escritor espírita Divaldo Franco [D3]. Ele também participou de um discurso sobre a preocupação com propostas de congelamento do salário mínimo [D4]; bem como o encerramento de uma sessão especial destinada à comemoração dos 30 anos do Grupo Especial de Fiscalização Móvel (GEFM) do Ministério do Trabalho e Emprego [D5].";D1;D2;D3;D4;D5;D6;D7;D8;D9;D10;D11;D12;D13;D14;D15;D1;D2;D3;D4;D5;5;5;0;0;2.846;37.29;;0.1;42;2026-06-08T23:46:30
r037;mistralai/mistral-7b-instruct-v0.3;Q4_K_M;Q37;Sem resposta no corpus;"A senadora Leila Barros é membro do Partido Democrático Trabalhista (PDT) e atuou em 1 discurso no período analisado; com foco principal em política [D1]. Ela se posiciona entre os 20 mais ativos na amostra; ocupando a posição 17. O tema político foi o mais frequente nas discussões do Senado Federal durante esse período; sendo que o trabalho foi o tema mais discutido em geral; com 44 ocorrências [D2]. A biografia completa da senadora Leila Barros não é fornecida nos dados disponíveis.";D1;D2;D1;D2;2;2;0;0;2.723;28.71;;0.1;42;2026-06-08T23:46:35
r038;mistralai/mistral-7b-instruct-v0.3;Q4_K_M;Q38;Sem resposta no corpus;"No período analisado; não houve discursos sobre apostas online registrados nos discursos dos senadores da Câmara dos Deputados. No entanto; podemos obter uma visão geral de outros temas discutidos durante o mesmo período.  Ao todo; foram registrados 152 discursos; com a maior participação de parlamentares como Paulo Paim (16); Eduardo Girão (9) e Chico Rodrigues (7). Os temas predominantes incluem Trabalho (44); Política (41); Outros (28); Segurança (13); Educação (7); Economia (7); Direitos Humanos (6); Saúde (2) e Infraestrutura (2).  Para obter informações mais detalhadas sobre outros temas discutidos; é recomendável consultar os discursos individuais disponíveis.";D1;D2;D3;D4;D5;D6;D7;D8;D9;D10;D11;D12;D13;D14;D15;;0;0;0;1;3.139;30.72;;0.1;42;2026-06-08T23:46:43
r039;mistralai/mistral-7b-instruct-v0.3;Q4_K_M;Q39;Sem resposta no corpus;"No próximo mês; são esperados discursos sobre a Polícia Militar do Distrito Federal (PMDF); tema que se encontra entre os mais frequentes nos discursos dos senadores analisados. Em particular; no período de 16 de maio; Leila Barros e Damares Alves já estão programadas para falar sobre a PMDF em sessões solenes [D1; D2]. Neste contexto; é importante ressaltar que o tema ""Segurança"" é o terceiro mais frequente nos discursos analisados. Por outro lado; os senadores mais ativos no período analisado foram Paulo Paim; Eduardo Girão e Chico Rodrigues; com 16; 9 e 7 discursos respectivamente.";D1;D2;D1;D2;2;2;0;0;2.783;30.73;;0.1;42;2026-06-08T23:46:49
r040;mistralai/mistral-7b-instruct-v0.3;Q4_K_M;Q40;Sem resposta no corpus;"O Presidente do Senado Federal não expressou uma opinião pessoal específica sobre a CPI das Bets nas discursos analisados; que abrangem um período curto de 12 dias (de 5 a 16 de maio de 2025). No entanto; o tema da Política é o segundo mais frequente entre os discursos; com 41 ocorrências; sugerindo que a CPI pode ser um assunto relevante para o Senado Federal. O senador Eduardo Girão foi o mais ativo em relação à discussão do tema Política; com nove discursos ([D1]). Neste contexto; é possível inferir que o Presidente do Senado pode ter se expressado sobre a CPI nas sessões do Senado Federal; mas não há registro dessas declarações nos discursos analisados.";D1;D2;D3;D4;D5;D6;D7;D8;D9;D10;D11;D12;D13;D14;D15;D1;1;1;0;0;2.902;31.04;;0.1;42;2026-06-08T23:46:56
