id_discurso,data,parlamentar,resumo,categoria,confianca,observacao
512371,2025-03-18,Jayme Campos,"Homenagem ao Sr. Samir Mikael Maluf, empresário libanês radicado em Cuiabá-MT e fundador do Grupo São Benedito, falecido no último domingo, e relato da sua contribuição para o desenvolvimento imobiliário e econômico da região.",Economia,,
517959,2025-11-04,Vanderlan Cardoso,"Discussão sobre o Projeto de Lei (PL) n° 4497, de 2024, que ""Altera a Lei nº 13.178, de 22 de outubro de 2015, a fim de estabelecer procedimentos para a ratificação dos registros imobiliários decorrentes de alienações e de concessões de terras públicas situadas em faixa de fronteira; e altera a Lei nº 6.015, de 31 de dezembro de 1973 (Lei de Registros Públicos).""",Política/Institucional,,
518325,2025-11-11,Damares Alves,Abertura de sessão de premiações e condecorações destinada à entrega da Comenda Missionários  Daniel Berg e Gunnar Vingren.,Outros,,
505673,2024-05-07,Otto Alencar,"Solidariedade ao povo do Estado do Rio Grande do Sul. Relato das enchentes na Bahia em 2013, 2014, 2021 e 2022. Defesa de soluções estruturais e definitivas para as enchentes do Rio Grande do Sul. Elogio à iniciativa do Presidente Lula de visitar as áreas afetadas. Apelo à união nacional para ajudar o Estado, ressaltando o sentimento de fraternidade entre os estados brasileiros.",Infraestrutura,,
522555,2026-06-02,Paulo Paim,"Defesa da redução da jornada de trabalho para 40 horas semanais e do fim da escala 6x1, com destaque para os impactos positivos da medida sobre a saúde física e mental dos trabalhadores, a qualidade de vida, a convivência familiar e o aumento da produtividade.",Trabalho,,
507404,2024-07-04,Ivete da Silveira,Sessão especial destinada a celebrar os 200 anos da imigração alemã para o Brasil.,Outros,,
509706,2024-11-05,Leila Barros,"Sobre o Projeto de Lei (PL) n° 182, de 2024, que ""Institui o Sistema Brasileiro de Comércio de Emissões de Gases de Efeito Estufa (SBCE); e altera as Leis nºs 12.187, de 29 de dezembro de 2009, 12.651, de 25 de maio de 2012 (Código Florestal), 6.385, de 7 de dezembro de 1976, 11.033, de 21 de dezembro de 2004, e 6.015, de 31 de dezembro de 1973 (Lei de Registros Públicos)"".",Meio Ambiente,,
516828,2025-09-23,Paulo Paim,Destaque ao discurso do Presidente Lula na abertura da Assembleia Geral da ONU pela ênfase na defesa da soberania nacional e do multilateralismo.,Relações Exteriores,,
519229,2025-12-16,Dr. Hiran,"Saudação ao Governador do Estado do Amapá, Clécio Luís.",Política/Institucional,,
510545,2024-12-04,Alan Rick,"Pesar pelo falecimento do brasileiro Sebastião Peixoto, estudante de Medicina, em Cochabamba, Bolívia. Preocupação com fatos noticiados em reportagem da Rede Record sobre supostas situações de abuso e violência contra brasileiros que buscam a formação em Medicina nas universidades bolivianas localizadas em cidades fronteiriças ao Estado do Acre.",Educação,,
522535,2026-06-01,Izalci Lucas,"Apoio à PEC nº 12/2026, que prevê a possibilidade de opção pelos empregados quanto à jornada de trabalho, com defesa da modernização das relações de trabalho.",Trabalho,,
510693,2024-12-18,Rogerio Marinho,"Orientação à bancada, pela Liderança da Oposição, sobre o Projeto de Lei Complementar (PLP) n° 92, de 2024, que ""Altera o art. 3º da Lei Complementar nº 116, de 31 de julho de 2003, para explicitar que o Imposto Sobre Serviços de Qualquer Natureza – ISS incidente sobre os serviços de guincho intramunicipal, guindaste e içamento é devido no local da execução da obra"".",Economia,,
516348,2025-09-02,Izalci Lucas,Abertura de sessão especial destinada a celebrar o aniversário de 89 anos da Associação Brasileira da Indústria de Hotéis - ABIH.,Economia,,
506133,2024-05-22,Chico Rodrigues,"Considerações sobre a importância da Petrobras para o desenvolvimento do Brasil, com destaque para o Plano Estratégico da Companhia para o quinquênio 2024-2028. Defesa de pesquisas e projetos de prospecção de petróleo e gás natural na Região Norte do País.",Economia,,
521048,2026-03-30,Chico Rodrigues,Sessão Especial destinada a celebrar os 32 anos da Agência Espacial Brasileira (AEB). Destaque para a AEB como pilar fundamental da soberania e do desenvolvimento tecnológico nacional desde sua fundação. Apelo pela continuidade de investimentos de longo prazo no setor.,Economia,,
520983,2026-03-25,Eliziane Gama,"Como Relator - Para proferir parecer sobre o Projeto de Lei (PL) n° 1707, de 2025, que ""Dispõe sobre medidas excepcionais destinadas ao enfrentamento de impactos decorrentes de estado de calamidade pública aplicáveis às parcerias entre a administração pública e as organizações da sociedade civil."" Destaque para a necessidade de aperfeiçoamento legislativo frente aos impactos das mudanças climáticas, como secas e enchentes, e para a valorização da sociedade civil no enfrentamento de tragédias ambientais.",Política/Institucional,,
506971,2024-06-12,Wellington Fagundes,"Críticas ao atual Governo por ter feito leilão para compra de arroz do Exterior, em detrimento dos produtores do Rio Grande do Sul.",Economia,,
521825,2026-05-05,Randolfe Rodrigues,"Discussão sobre o Projeto de Lei (PL) n° 6132, de 2025, que ""Cria a Universidade Federal Indígena."" Defesa de aprovação da matéria como medida de reparação histórica, com destaque para a importância de valorizar a cultura e a identidade dos povos originários no Brasil.",Educação,,
506558,2024-05-09,Cleitinho,"Manifestação favorável à destinação dos recursos reservados para o Fundo Eleitoral em prol das ações de reconstrução da infraestrutura do Estado do Rio Grande do Sul, atingido por eventos climáticos extremos.",Infraestrutura,,
504828,2024-03-19,Carlos Portinho,"Indignação com as supostas violações e desdobramentos do Inquérito nº 4781, conhecido como Inquérito das ""Fake News"", em trâmite no STF há 5 ano.",Política/Institucional,,
521697,2026-04-24,Leila Barros,"Sessão Especial destinada a celebrar o 66º aniversário de Brasília. Defesa da valorização da educação, da saúde e da segurança pública do Distrito Federal. Manifestação de preocupação com a situação do Banco Regional de Brasília e cobrança de transparência e responsabilização diante do caso envolvendo o Banco Master. Exaltação do papel dos candangos e da população brasiliense na construção da capital.",Política/Institucional,,
520750,2026-03-18,Randolfe Rodrigues,"Discussão sobre o Projeto de Lei (PL) n° 3879, de 2024, que ""Estabelece o reajuste dos vencimentos básicos dos cargos efetivos, dos cargos em comissão e das funções comissionadas dos servidores do Ministério Público da União e do Conselho Nacional do Ministério Público; define a Polícia Institucional do Ministério Público da União como a unidade administrativa responsável pelas atividades de segurança institucional; e altera a Lei nº 13.316, de 20 de julho de 2016, para modificar a nomenclatura dos Técnicos do Ministério Público da União que exercem as funções de segurança institucional”.",Segurança,,
522568,2026-06-02,Styvenson Valentim,"Considerações sobre a Proposta de Emenda à Constituição (PEC) n° 4, de 2025, que ""Altera os incisos XIII e XV, do art. 7º, da Constituição Federal, para reduzir a jornada semanal máxima de trabalho para 40 horas, observando o teto de 8 horas diárias, prestadas em até 5 dias por semana, com descanso preferencialmente nos sábados e domingos.""",Trabalho,,
517332,2025-10-13,Teresa Leitão,Sessão de Premiações e Condecorações destinada à entrega da Comenda Governadores pela Alfabetização das Crianças na Idade Certa. Destaque para o papel dos professores no processo de alfabetização e na construção de uma educação cidadã. Reforço do compromisso com a universalização da educação integral.,Educação,,
519448,2025-12-10,Professora Dorinha Seabra,"Discussão sobre o Projeto de Lei (PL) n° 2387, de 2023, que ""Altera a Lei nº 11.738, de 16 de julho de 2008, para incluir os professores da educação infantil como profissionais do magistério, e a Lei nº 9.394, de 20 de dezembro de 1996 (Lei de Diretrizes e Bases da Educação Nacional), para definir professores da educação infantil”.",Educação,,
510207,2024-11-18,Rogerio Marinho,"Críticas à suposta atuação seletiva do STF e ao desequilíbrio institucional no país. Comparação das investigações dos atentados provocados pelo Sr. Adélio Bispo e pelo Sr. Francisco Wanderley Luiz, conhecido como Tiu França.",Política/Institucional,,
520582,2026-03-11,Jorge Kajuru,"Críticas à atuação internacional do Presidente dos Estados Unidos, Donald Trump, com acusação de abuso de poder, desrespeito ao direito internacional e promoção de conflitos armados, além de menção a possíveis repercussões políticas internas nos EUA.",Relações Exteriores,,
517455,2025-10-07,Zequinha Marinho,"Discussão sobre o Projeto de Lei (PL) n° 358, de 2025, que ""Dispõe sobre a transferência temporária da sede do Governo Federal para a cidade de Belém, no Estado do Pará, durante a 30ª Conferência das Partes da Convenção-Quadro das Nações Unidas sobre Mudança do Clima (COP 30), a ser realizada no período de 11 a 21 de novembro de 2025"".",Relações Exteriores,,
512995,2025-04-08,Nelsinho Trad,"Registro sobre o Dia Mundial de Combate ao Câncer, em 8 de abril, com destaque para a importância da prevenção, do diagnóstico precoce e homenagem a ações de conscientização realizadas em Mato Grosso do Sul.",Saúde,,
517235,2025-09-30,Damares Alves,"Pela ordem sobre o destaque para votação em separado constante do Requerimento nº 700, de 2025, (Requer, pela Liderança do Republicanos, destaque para votação em separado da Emenda nº 551 ao Projeto de Lei Complementar nº 108/2024.) ao Projeto de Lei Complementar (PLP) n° 108, de 2024, que ""Institui o Comitê Gestor do Imposto sobre Bens e Serviços (CG-IBS); dispõe sobre o processo administrativo tributário relativo ao lançamento de ofício do Imposto sobre Bens e Serviços (IBS), sobre a distribuição do produto da arrecadação do IBS aos entes federativos e sobre o Imposto sobre Transmissão Causa Mortis e Doação de Quaisquer Bens ou Direitos (ITCMD); altera as Leis nºs 5.172, de 25 de outubro de 1966 (Código Tributário Nacional), 1.079, de 10 de abril de 1950, e 14.113, de 25 de dezembro de 2020, as Leis Complementares nºs 63, de 11 de janeiro de 1990, 87, de 13 de setembro de 1996, 123, de 14 de dezembro de 2006, e 141, de 13 de janeiro de 2012, e o Decreto nº 70.235, de 6 de março de 1972.""",Economia,,
509619,2024-10-29,Wellington Fagundes,Satisfação pelo retorno de S. Exa. ao Senado Federal e elogios ao trabalho realizado pela Senadora Rosana Martinelli no período do afastamento de S. Exa.. Comentários sobre o desempenho do PL no Estado de Mato Grosso nas eleições municipais de 2024.,Política/Institucional,,
508939,2024-09-03,Jorge Seif,Indignação com as denúncias veiculadas pela imprensa de supostos abusos nos inquéritos relatados pelo Ministro do STF Alexandre de Moraes e cobrança de posicionamento dos demais Senadores em resposta às citadas denúncias.,Política/Institucional,,
518566,2025-11-25,Eduardo Girão,"Denúncia sobre atuação do ""lobby"" da indústria farmacêutica e sobre suposta interferência político-administrativa do Ministério da Saúde em processos regulatórios de medicamentos. Destaque à morosidade na deliberação de requerimento de informações acerca do assunto, com cobrança de transparência.",Saúde,,
517341,2025-10-13,Randolfe Rodrigues,"Sessão de Premiações e Condecorações destinada à entrega da Comenda Governadores pela Alfabetização das Crianças na Idade Certa.  Homenagem aos professores da Amazônia e destaque para políticas públicas do governo federal, como a carteira nacional docente, construção de institutos federais, escolas em tempo integral e o programa Pé-de-Meia. Homenagem aos professores da Amazônia e destaque para políticas públicas do governo federal, como a carteira nacional docente, construção de institutos federais, escolas em tempo integral e o programa Pé-de-Meia.",Educação,,
519391,2025-12-10,Humberto Costa,"Indignação com a aprovação, pela Câmara dos Deputados, do Projeto de Lei nº 2162/2023, que prevê a redução das penas dos condenados pelos atos de 8 de janeiro de 2023, supostamente, com o aval do ex-Presidente Jair Bolsonaro. Apelo para a rejeição da matéria no Senado Federal. que o Senado rejeite a proposta, em razão do suposto risco institucional e em defesa da democracia e do Estado de direito. Críticas aos episódios de violência ocorridos no Plenário daquela Casa.",Política/Institucional,,
514225,2025-06-09,Paulo Paim,"Satisfação pela sanção da Lei nº 15142/2025, de autoria de S. Exa., que renova a política de cotas no serviço público federal e amplia a reserva para 30% das vagas para pessoas pretas e pardas, indígenas e quilombolas. Destaque para o artigo “Um compromisso pela inclusão e igualdade”, de autoria de S. Exa., publicado no jornal Correio Braziliense sobre a política de cotas.",Política/Institucional,,
512954,2025-04-08,Veneziano Vital do Rêgo,"Orientação à bancada, pela Liderança da Maioria, sobre a Proposta de Emenda à Constituição (PEC) n° 2, de 2016, que ""Altera o art. 6º da Constituição da República, para incluir, dentre os direitos sociais, o direito ao saneamento básico.""",Infraestrutura,,
506351,2024-06-04,Rogerio Marinho,"Pela Liderança sobre o Projeto de Lei (PL) n° 914, de 2024, que ""Institui o Programa Mobilidade Verde e Inovação (Programa Mover); estabelece a política de conteúdo local; altera o Decreto-Lei nº 1.804, de 3 de setembro de 1980; e revoga dispositivos da Lei nº 13.755, de 10 de dezembro de 2018"".",Economia,,
509271,2024-09-18,Izalci Lucas,Considerações sobre a reoneração e destinação de recursos provenientes de contas inativas ou valores estanques em instituições financeiras.,Economia,,
514767,2025-07-02,Paulo Paim,"Satisfação com a aprovação da Medida Provisória no. 1291/2025, que atualiza as regras do Fundo Social e autoriza o uso dos recursos do pré-sal em áreas como habitação popular, especialmente pelo Programa Minha Casa, Minha Vida, além de infraestrutura social e enfrentamento de calamidades.",Infraestrutura,,
514391,2025-06-11,Teresa Leitão,"Exposição sobre a participação de S. Exa., como Presidenta da CE, no acompanhamento dos trabalhos da Reunião dos Ministros da Educação no âmbito do 11º Fórum Parlamentar do Brics, conduzida pelo Ministro Camilo Santana.   .",Relações Exteriores,,
522474,2026-05-21,Wellington Fagundes,"Discussão sobre o Veto (VET) n° 51, de 2025, que ""Veto parcial aposto ao Projeto de Lei do Congresso Nacional nº 2, de 2025, que ""Dispõe sobre as diretrizes para a elaboração e a execução da Lei Orçamentária de 2026 e dá outras providências"". Defesa da derrubada do veto em apreciação pelo Congresso Nacional, argumentando que a medida permitirá a retomada de transferências federais para municípios inadimplentes e contribuirá para a conclusão de obras públicas, especialmente nas áreas de educação e saúde. Defesa do fortalecimento financeiro dos municípios, investimentos em infraestrutura logística e energética, a expansão da malha ferroviária e destacou a importância econômica de Mato Grosso para a produção agropecuária e de biocombustíveis.",Economia,,
511551,2024-12-19,Jaques Wagner,"Orientação à bancada, pela Liderança do Governo, sobre o Projeto de Lei Complementar (PLP) n° 210, de 2024, que ""Altera a Lei Complementar nº 200, de 30 de agosto de 2023, que institui regime fiscal sustentável para garantir a estabilidade macroeconômica do País e criar as condições adequadas ao crescimento socioeconômico; revoga a Lei Complementar nº 207, de 16 de maio de 2024; e dá outras providências”.",Economia,,
507525,2024-07-03,Plínio Valério,"Críticas ao Instituto Chico Mendes de Conservação da Biodiversidade (ICMBio) pela suposta falta de transparência na elaboração da ata da audiência pública para a criação de área de proteção ambiental destinada à preservação do sagui sauim-de-coleira, no Município de Itacoatiara-AM. Referência a problemas em outras áreas, como a Reserva Extrativista Chico Mendes. Preocupação de que a nova área de proteção em Novo Remanso possa restringir ainda mais as atividades econômicas locais.",Meio Ambiente,,
517441,2025-10-07,Tereza Cristina,"Apelo em favor da realização de sessão do Congresso Nacional para deliberação do veto parcial nº 29/2025 aposto ao Projeto de Lei nº 2159/2021, que dispõe sobre o licenciamento ambiental.",Meio Ambiente,,
511294,2024-12-12,Flávio Bolsonaro,"Pela ordem sobre o destaque para votação em separado constante do Requerimento nº 909, de 2024, (Requer, em nome da liderança do PT, destaque para votação em separado da Emenda 2203 ao PLP 68/2024.) ao Projeto de Lei Complementar (PLP) n° 68, de 2024, que ""Institui o Imposto sobre Bens e Serviços (IBS), a Contribuição Social sobre Bens e Serviços (CBS) e o Imposto Seletivo (IS); e dá outras providências"".",Economia,,
517422,2025-10-07,Otto Alencar,"Orientação à bancada, pelo Partido PSD, sobre o Projeto de Lei Complementar (PLP) n° 235, de 2019 (Substitutivo da Câmara dos Deputados), que ""Institui o Sistema Nacional de Educação (SNE); e fixa normas para a cooperação entre a União, os Estados, o Distrito Federal e os Municípios para elaboração e implementação de políticas, de programas e de ações educacionais, em regime de colaboração, nos termos do inciso V do caput e do parágrafo único do art. 23, do parágrafo único do art. 193 e dos arts. 211 e 214 da Constituição Federal"".",Educação,,
507880,2024-07-17,Rodrigo Pacheco,"Presidência sobre o Projeto de Lei (PL) n° 4731, de 2023, que ""Isenta do Imposto sobre Produtos Industrializados (IPI) móveis e eletrodomésticos da linha branca destinados aos residentes em áreas atingidas por desastres naturais ou eventos climáticos extremos.""",Economia,,
518096,2025-11-12,Plínio Valério,"Desaprovação à restrição da entrada de representantes dos povos originários em áreas da 30ª Conferência das Nações Unidas sobre Mudanças do Clima (COP 30) em Belém-PA, e críticas à atuação das ONGs na Região Amazônica por, supostamente, impedirem o desenvolvimento socioeconômico das comunidades locais.",Meio Ambiente,,
515697,2025-08-12,Zequinha Marinho,"Homenagem póstuma ao Pastor Firmino da Anunciação Gouveia, falecido no dia 5 de agosto, reconhecido como destacada liderança da Assembleia de Deus em Belém (PA).",Outros,,
523341,2026-06-17,Leila Barros,"Sessão solene destinada  a celebrar os 118 anos de Imigração Japonesa no Brasil, destacando a contribuição da comunidade nikkei para a formação do Brasil e, especialmente, para o desenvolvimento agrícola, econômico e cultural do Distrito Federal. Também ressalta a preservação das tradições japonesas e a importância da amizade e da cooperação entre Brasil e Japão.",Relações Exteriores,,
513925,2025-05-21,Chico Rodrigues,"Orientação à bancada, pelo Partido PSB, sobre o Projeto de Lei (PL) n° 2159, de 2021, que ""Dispõe sobre o licenciamento ambiental; regulamenta o inciso IV do § 1º do art. 225 da Constituição Federal; altera as Leis nºs 9.605, de 12 de fevereiro de 1998, e 9.985, de 18 de julho de 2000; revoga dispositivo da Lei nº 7.661, de 16 de maio de 1988; e dá outras providências”.",Meio Ambiente,,
509842,2024-11-12,Confúcio Moura,"Pesar pelo falecimento do ilustre homem público José Viana dos Santos, conhecido como Zé Viana, ex-Vereador em Porto Velho/RO e ex-Deputado Federal por Rondônia, participante da Assembleia Nacional Constituinte de 1988. Apresentação de condolências à família.",Outros,,
512217,2025-03-11,Professora Dorinha Seabra,"Pela ordem sobre o Requerimento (RQS) n° 139, de 2025, que ""Requer a realização de Sessão Especial destinada a celebrar os 53 anos de criação da Telecomunicações Brasileiras S.A. - Telebras.""",Economia,,
523078,2026-06-22,Hermes Klann,"Defesa do Projeto de Lei nº 3241/2026, de autoria de S. Exa., que aumenta a pena do crime de pichação, assegura a reparação integral dos danos causados e dispõe sobre a responsabilização de financiadores, organizadores ou incentivadores.",Segurança,,
510904,2024-12-10,Teresa Leitão,"Expectativa quanto à votação, pelo Senado Federal, do Projeto de Lei nº 2338/2023, que dispõe sobre o uso da Inteligência Artificial, destacando as diretrizes que devem orientar o debate da matéria, como o equilíbrio entre inovação com responsabilidade e proteção de direitos, o combate ao uso da tecnologia utilizada como instrumento de erosão do regime democrático e a proteção dos trabalhadores contra demissões em massa ou substituição extensiva da força de trabalho.",Política/Institucional,,
512250,2025-03-12,Augusta Brito,"Considerações sobre os avanços em relação aos direitos das mulheres, sobretudo em Governos do PT, com destaque para a Lei nº 14611/2023, relatada por S. Exa., que dispõe sobre a igualdade salarial e remuneratória entre mulheres e homens. Exposição sobre os desafios remanescentes da luta feminina, como a violência doméstica e a sub-representação da mulher em espaços políticos. Necessidade de políticas públicas voltadas à educação, capacitação e segurança das mulheres.",Trabalho,,
515186,2025-07-14,Damares Alves,Sessão especial destinada a celebrar os 10 anos da Lei Brasileira de Inclusão da Pessoa com Deficiência. Reconhecimento da dificuldade e importância do processo legislativo. Defesa da LBI contra retrocessos. Compromisso com a continuidade da luta por inclusão.,Política/Institucional,,
515709,2025-08-12,Izalci Lucas,"Cobrança pela instalação de CPMI destinada a investigar fraudes contra os beneficiários do INSS, com denúncia de possível inconstitucionalidade e ilegalidade na exigência de desistência prévia de ações judiciais como condição para que aposentados recebam os valores devidos.",Política/Institucional,,
513579,2025-05-13,Eduardo Girão,"Apoio ao Senador Plínio Valério em sua defesa da PEC nº 16/2019, que dispõe sobre o processo de escolha dos ministros do STF e fixa os respectivos mandatos em oito anos. Críticas ao STF.",Política/Institucional,,
515071,2025-07-09,Efraim Filho,"Como Relator sobre o Projeto de Lei Complementar (PLP) n° 141, de 2024, que ""Altera a Lei Complementar nº 101, de 4 de maio de 2000 (Lei de Responsabilidade Fiscal), para definir os casos em que os valores de parcerias ou de contratações firmadas pelo poder público não são considerados no cômputo dos limites de despesa com pessoal.""",Economia,,
512343,2025-03-18,Marcos Rogério,Preocupação com possíveis violações a princípios fundamentais do direito penal nas condenações proferidas pelo STF contra os envolvidos nos atos do dia 8 de janeiro de 2023.,Política/Institucional,,
507240,2024-07-02,Veneziano Vital do Rêgo,"Comentários sobre o trabalho da Ministra do Planejamento e Orçamento, Sra.  Simone Tebet, nas obras e investimentos do Novo Programa de Aceleração do Crescimento (PAC) do Governo Federal. Considerações negativas em relação ao Governo Bolsonaro.",Infraestrutura,,
507156,2024-06-19,Eduardo Braga,"Pela Liderança sobre o Projeto de Lei (PL) n° 2308, de 2023, que ""Institui o marco legal do hidrogênio de baixa emissão de carbono; dispõe sobre a Política Nacional do Hidrogênio de Baixa Emissão de Carbono; institui incentivos para a indústria do hidrogênio de baixa emissão de carbono; institui o Regime Especial de Incentivos para a Produção de Hidrogênio de Baixa Emissão de Carbono (Rehidro); cria o Programa de Desenvolvimento do Hidrogênio de Baixa Emissão de Carbono (PHBC); e altera as Leis nºs 9.427, de 26 de dezembro de 1996, e 9.478, de 6 de agosto de 1997”.",Economia,,
509324,2024-09-25,Leila Barros,Sessão de debates temáticos destinada a debater os incêndios florestais e mudanças climáticas.,Meio Ambiente,,
512000,2025-02-19,Plínio Valério,"Anúncio da solicitação de S. Exa., no âmbito da CDH, para a convocação da Ministra dos Povos Indígenas a fim de esclarecer a possível assinatura de um tratado de intenções com a empresa Ambipar. Denúncia de supostas irregularidades em contratações públicas da referida empresa com o Governo Federal.",Política/Institucional,,
520632,2026-03-16,Eduardo Girão,"Acusação de omissão do Presidente do Senado Federal diante de escândalos envolvendo o Banco Master e autoridades do país. Preocupação com o suposto esvaziamento do instituto das CPIs e CPMIs, em decorrência da atuação de ministros do STF, e defesa do impeachment desses ministros como solução para a retomada do poder do Parlamento. Insatisfação com a possível retençãode imagens pela TV Senado relativas à representação apresentada por S. Exa. contra o Senador Davi Alcolumbre no Conselho de Ética, bem como com a licitação realizada pela Casa para publicidade institucional. Solicitação de providências ao Ministério das Relações Exteriores sobre o desaparecimento da psicóloga cearense Vitória Barreto, após viagem ao exterior.",Política/Institucional,,
522467,2026-05-29,Eduardo Girão,Reflexões sobre a eutanásia e o suicídio assistido diante da realização do procedimento na espanhola Noelia Castillo Ramos. Defesa da vida e repúdio à prática da assistolia fetal.,Saúde,,
521947,2026-04-30,Randolfe Rodrigues,"Discussão sobre o Veto (VET) n° 3, de 2026, aposto ao Projeto de Lei nº 2.162, de 2023, que ""Altera a Lei nº 7.210, de 11 de julho de 1984 (Lei de Execução Penal), e o Decreto-Lei nº 2.848, de 7 de dezembro de 1940 (Código Penal)."" Apelo pela manutenção do veto presidencial sob alegação de que abrandar as penas ou pavimentar o caminho para a anistia dos condenados pelos atos do 8 de janeiro enfraqueceria a República.",Segurança,,
505916,2024-05-08,Eduardo Girão,"Orientação à bancada, pelo Partido NOVO, sobre o destaque para votação em separado constante do Requerimento nº 310, de 2024, (Requer, pela Liderança do PL, destaque para votação em separado da Emenda 25-U ao Projeto de Lei Complementar nº 233/2023.) ao Projeto de Lei Complementar (PLP) n° 233, de 2023, que ""Dispõe sobre o Seguro Obrigatório para Proteção de Vítimas de Acidentes de Trânsito (SPVAT); altera o Decreto-Lei nº 73, de 21 de novembro de 1966, as Leis nºs 8.212, de 24 de julho de 1991, 9.503, de 23 de setembro de 1997 (Código de Trânsito Brasileiro), e 14.075, de 22 de outubro de 2020, e a Lei Complementar nº 200, de 30 de agosto de 2023; e revoga as Leis nºs 6.194, de 19 de dezembro de 1974, e 8.441, de 13 de julho de 1992, e dispositivos das Leis nºs 8.374, de 30 de dezembro de 1991, 11.482, de 31 de maio de 2007, e 11.945, de 4 de junho de 2009.""",Segurança,,
521911,2026-04-30,Sergio Moro,"Apoio à rejeição do Veto nº 3/2026 aposto ao Projeto de Lei nº 2162/2023, que dispõe sobre a dosimetria de penas, com críticas ao excessivo rigor das punições impostas aos condenados pelos atos de 8 de janeiro de 2023.",Segurança,,
506043,2024-05-24,Chico Rodrigues,Destaque para a redução dos índices de desigualdade de renda e de pobreza no Brasil. Satisfação com ações do Governo Federal e do Congresso Nacional para implantação de políticas públicas que instituem benefícios sociais e que promovem o aumento do emprego e do rendimento médio do trabalhador brasileiro.,Economia,,
504824,2024-03-19,Dr. Hiran,"Agradecimento pela inclusão em pauta do Projeto de Lei (PL) n° 5984, de 2019, que ""Institui o dia 28 de abril como o Dia Nacional da Conscientização sobre a Doença de Fabry"".",Saúde,,
507753,2024-07-10,Paulo Paim,Registro da realização da sessão especial destinada à entrega da Comenda de Direitos Humanos Dom Hélder Câmara.,Política/Institucional,,
513101,2025-04-22,Esperidião Amin,"Considerações sobre a convocação pela CRE do Ministro das Relações Exteriores, Senhor Mauro Luiz Iecker Vieira, para que compareça à comissão a fim de prestar esclarecimentos sobre a concessão de asilo diplomático à senhora Nadine Heredia Alarcón, ex-Primeira-Dama do Peru condenada por lavagem de dinheiro.",Relações Exteriores,,
513987,2025-05-28,Luis Carlos Heinze,Apelo a diversos Ministros que compõem o Governo Federal para que apresentem solução imediata às pendências na renegociação das dívidas dos agricultores do Estado do Rio Grande do Sul decorrentes das perdas de safras por conta de eventos climáticos.,Economia,,
518959,2025-12-03,Sergio Moro,"Defesa das prerrogativas da República e do cumprimento da lei por todas as autoridades, em apoio ao posicionamento do Senado Federal diante de conflitos institucionais. Destaque para a aprovação do Projeto de Lei nº 542, relatado pelo parlamentar, que visa à desburocratização do processo de poda e supressão de árvores em propriedades privadas em casos de risco à integridade física ou ao patrimônio. Destaque para o empoderamento do cidadão mediante o estabelecimento de prazos para resposta de órgãos públicos, visando evitar acidentes e interrupções no fornecimento de energia elétrica causadas por quedas de árvores.",Política/Institucional,,
505114,2024-04-16,Jorge Kajuru,"Anúncio de que processará os responsáveis por ""fake news"" contra S. Exa. acerca de votação em conformidade com o Governo sobre tráfico de drogas.",Política/Institucional,,
520214,2026-02-24,Eduardo Girão,"Críticas ao período de baixa atividade legislativa no Senado Federal e cobrança pela instalação de CPI para investigar o escândalo envolvendo o Banco Master. Defesa do impeachment dos Ministros do STF Dias Toffoli e Alexandre de Moraes, sob alegação de afronta à Constituição Federal e extrapolação de competências.",Política/Institucional,,
522572,2026-06-02,Dra. Eudócia,"Pela ordem sobre o Projeto de Lei (PL) n° 1986, de 2024, que ""Altera a Lei nº 14.308, de 8 de março de 2022, a fim de instituir campanhas de conscientização sobre os sintomas dos principais tipos de câncer infantil para permitir seu diagnóstico precoce.""",Saúde,,
515598,2025-08-06,Jaques Wagner,"Sessão solene destinada à abertura da II Cúpula Parlamentar de Mudança Climática e Transição Justa da América Latina e do Caribe. Considerações sobre a COP 30, em Belém (BA). Comentários sobre a valorização dos povos indígenas, da necessidade de financiamento internacional e do protagonismo dos Parlamentos na criação de leis ambientais e sociais para enfrentar a crise.",Meio Ambiente,,
507055,2024-06-26,Rosana Martinelli,Críticas à moratória da soja por supostamente impor critérios mais restritivos que o Código Florestal brasileiro.,Meio Ambiente,,
510989,2024-12-10,Paulo Paim,"Apoio à decisão da Presidência de retirar de pauta o Projeto de Lei (PL) n° 537, de 2019, que ""Institui o Estatuto Profissional dos Trabalhadores Celetistas em Cooperativas"".",Trabalho,,
522647,2026-06-10,Teresa Leitão,"Registro do manifesto das entidades do Fórum Nacional de Educação contra a aprovação na CAE do relatório ao Projeto de Lei nº 5122/2023, proveniente da Câmara dos Deputados, que autoriza o uso do Fundo Social do Pré-Sal para financiar a renegociação de dívidas do agronegócio, em contraposição ao investimento na educação pública de todos níveis de ensino, saúde e demais políticas estruturantes.",Educação,,
517951,2025-11-04,Tereza Cristina,"Como Relator - Para proferir parecer sobre o Projeto de Lei (PL) n° 4497, de 2024, que ""Altera a Lei nº 13.178, de 22 de outubro de 2015, a fim de estabelecer procedimentos para a ratificação dos registros imobiliários decorrentes de alienações e de concessões de terras públicas situadas em faixa de fronteira; e altera a Lei nº 6.015, de 31 de dezembro de 1973 (Lei de Registros Públicos)”.",Política/Institucional,,
519275,2025-12-16,Eduardo Gomes,"Como Relator sobre o Projeto de Lei (PL) n° 424, de 2024, que ""Altera o § 1º do art. 840, da Consolidação das Leis do Trabalho (CLT), aprovada pelo Decreto-Lei nº 5.452, de 1º de maio de 1943, para estabelecer, na impossibilidade de fixação de valor certo e determinado, que as reclamações trabalhistas possam, em seu pedido inicial, conter valor estimado ou expectativa de direito do reclamante em relação ao valor em demanda"".",Trabalho,,
508423,2024-08-14,Carlos Portinho,"Como Relator - Para proferir parecer sobre a Proposta de Emenda à Constituição (PEC) n° 66, de 2023, que ""Abre novo prazo de parcelamento especial de débitos dos municípios com seus Regimes Próprios de Previdência Social dos Servidores Públicos e com o Regime Geral de Previdência Social”.",Economia,,
504915,2024-04-02,Jorge Kajuru,"Destaque ao ofício, de autoria de S. Exa. e outros Senadores, encaminhado à Polícia Federal, solicitando investigação das denúncias de corrupção feitas pelo Sr. John Textor, acionista majoritário do clube de futebol Botafogo. Apoio ao início dos trabalhos da CPI das Apostas Esportivas.",Segurança,,
512943,2025-04-08,Paulo Paim,"Considerações sobre o Requerimento (RQS) n° 267, de 2025, que ""Requer a realização de Sessão Especial destinada a celebrar os 30 anos do Grupo Especial de Fiscalização Móvel do Ministério do Trabalho e Emprego.""",Trabalho,,
517953,2025-11-04,Jaques Wagner,"Discussão sobre o Projeto de Lei (PL) n° 4497, de 2024, que ""Altera a Lei nº 13.178, de 22 de outubro de 2015, a fim de estabelecer procedimentos para a ratificação dos registros imobiliários decorrentes de alienações e de concessões de terras públicas situadas em faixa de fronteira; e altera a Lei nº 6.015, de 31 de dezembro de 1973 (Lei de Registros Públicos)”.",Política/Institucional,,
509840,2024-11-12,Eduardo Girão,"Comentários acerca de matéria veiculada no jornal O Globo sobre suspeição de imparcialidade da Comissão Interamericana de Direitos Humanos. Apresentação do Requerimento nº 762, de 2024, de autoria de S. Exa., que solicita informações ao Sr. Mauro Luiz Iecker Vieira, Ministro de Estado das Relações Exteriores, sobre o cancelamento de audiência pública a respeito da liberdade de expressão no Brasil.",Relações Exteriores,,
507260,2024-07-02,Jorge Kajuru,"Orientação à bancada, pelo Partido PSB, sobre o Projeto de Lei Complementar (PLP) n° 72, de 2024, que ""Altera a Lei Complementar nº 141, de 13 de janeiro de 2012, que regulamenta o § 3º do art. 198 da Constituição Federal, para dispor sobre as despesas de custeio e de investimento com os hospitais universitários federais, para fins de apuração do gasto mínimo constitucional em saúde"".",Saúde,,
512705,2025-04-01,Paulo Paim,"Relato sobre os impactos do temporal ocorrido, ontem, na região metropolitana de Porto Alegre-RS, com destaque para a interrupção de serviços públicos e danos à infraestrutura. Exposição dos investimentos do Governo Lula no Estado do Rio Grande do Sul, pós-tragédia climática de 2024, totalizando R$ 141,5 bilhões.",Infraestrutura,,
517045,2025-10-01,Sergio Moro,"Celebração da absolvição do delegado e ex-prefeito de Paranavaí-PR, Sr. Carlos Henrique Rossato Gomes, conhecido como Delegado KIQ, acusado de difamação eleitoral em 2022 por críticas ao então candidato Luiz Inácio Lula da Silva, com defesa do pleno exercício da liberdade de expressão e do direito à crítica no debate político. Crítica ao uso do sistema judicial para cercear opiniões políticas e elogio à postura do Ministério Público ao não recorrer da decisão.",Política/Institucional,,
521469,2026-04-14,Zenaide Maia,"Apoio à aprovação do Projeto de Lei nº 2120/2022, que institui o Dia Nacional em Memória das Vítimas da Covid-19. Críticas à condução do Governo Bolsonaro na crise sanitária e valorização da ciência, da vacinação e dos profissionais de saúde, com defesa do fortalecimento do SUS.",Saúde,,
505051,2024-04-10,Zequinha Marinho,"Voto de aplauso à bióloga e consultora ambiental, Sra. Beatriz Fernandes do Amaral, por pesquisas na área de conciliação entre progresso econômico e preservação natural.",Meio Ambiente,,
507929,2024-08-05,Leila Barros,Abertura de sessão especial destinada à celebração dos 50 anos do 1º. Seminário de Problemas Urbanos de Brasília.,Infraestrutura,,
517040,2025-10-01,Otto Alencar,"Apelo para inclusão em pauta do Projeto de Lei (PL) n° 4089, de 2023, que ""Altera as Leis nºs 10.820, de 17 de dezembro de 2003, e 14.509, de 27 de dezembro de 2022, para dispor sobre a concessão de crédito consignado sem autorização do beneficiário, e a Lei nº 10.741, de 1º de outubro de 2003 (Estatuto da Pessoa Idosa), para caracterizar como prática discriminatória a conduta que especifica"".",Economia,,
517680,2025-10-21,Cleitinho,"Apelo à seriedade e à independência dos Três Poderes, com crítica à indicação de ministros ao STF por critérios de proximidade pessoal com o Presidente da República. Denúncia da manutenção de privilégios, como o pagamento de remuneração a ministros após aposentadoria antecipada, e de gastos supostamente excessivos com veículos oficiais pelo TST e o STF. Censura à abertura de casa de apostas pela Caixa Econômica Federal, em contradição com o discurso do Governo Federal sobre a taxação das bets.",Política/Institucional,,
507531,2024-07-03,Romário,"Justificativa da apresentação dos Projetos de Lei nº 2670/2024 e 1174/2024, que tratam, respectivamente, da fiscalização exercida pela Agência Nacional de Saúde Suplementar (ANS) em relação à cobertura de tratamentos que não estão incluídos no rol de procedimentos em saúde suplementar, e da obrigação das operadoras de seguros de saúde de oferecer planos individuais aos consumidores. Apelo por uma atuação mais firme da ANS na fiscalização do cumprimento da Lei nº 14454/2024, que garantiu o rol exemplificativo de exames ou tratamentos de saúde.",Saúde,,
510392,2024-11-27,Fernando Dueire,"Pedido de apoio ao Projeto de Lei Complementar nº 117/2024, de autoria de S. Exa., que define as chamadas startups verdes, para incluir o Brasil no movimento global crescente que busca inovações tecnológicas sustentáveis, que transformem a economia, mas que também contribuam decisivamente para a preservação do meio ambiente.",Meio Ambiente,,
519515,2025-12-10,Cid Gomes,"Orientação à bancada, pelo Partido PSB, sobre o Projeto de Lei (PL) n° 5582, de 2025, que ""Institui o marco legal do combate ao crime organizado no Brasil; tipifica os crimes de domínio social estruturado e de favorecimento ao domínio social estruturado; e altera os Decretos-Leis nºs 2.848, de 7 de dezembro de 1940 (Código Penal), e 3.689, de 3 de outubro de 1941 (Código de Processo Penal), e as Leis nºs 8.072, de 25 de julho de 1990 (Lei dos Crimes Hediondos), 7.210, de 11 de julho de 1984 (Lei de Execução Penal), 11.343, de 23 de agosto de 2006, 10.826, de 22 de dezembro de 2003, 9.613, de 3 de março de 1998, e 4.737, de 15 de julho de 1965 (Código Eleitoral)”.",Segurança,,
503935,2024-02-20,Rodrigo Pacheco,Manifestação acerca do pronunciamento do Presidente da República sobre o conflito entre Israel e o grupo Hamas na Faixa de Gaza.,Relações Exteriores,,
512022,2025-02-19,Carlos Viana,"Discussão sobre o Projeto de Decreto Legislativo (PDL) n° 683, de 2024, que ""Aprova os textos do Acordo entre o Governo da República Italiana e o Governo da República Federativa do Brasil sobre o Reconhecimento Recíproco das Carteiras de Habilitação para Fins de Conversão e de seus anexos, celebrados em Brasília, em 15 de julho de 2024"".",Relações Exteriores,,
518032,2025-10-29,Renan Calheiros,"Homenagem ao escritor alagoano Graciliano Ramos pelos 133 anos de seu nascimento, destacando seu legado literário, em especial as obras Vidas Secas e Memórias do Cárcere, e sua atuação política como Prefeito de Palmeira dos Índios-AL.",Outros,,
512222,2025-03-11,Eliziane Gama,"Satisfação com a filiação de Raquel Lyra, Governadora do Estado de Pernambuco (PE), ao PSD. Cumprimentos do Ministro de Estado da Pesca e Aquicultura, André de Paula, Presidente estadual do PSD, que cedeu o comando do partido à Governadora.",Política/Institucional,,
514470,2025-06-24,Confúcio Moura,"Comentários sobre a matéria publicada no jornal Valor Econômico “Coisas que acontecem num certo país infeliz”. Destaque para os avanços atuais do país, como controle da inflação e queda do desemprego, e ponderação sobre a necessidade de priorização da educação.",Economia,,
506973,2024-06-12,Lucas Barreto,"Defesa da exploração de petróleo na costa do Amapá e críticas ao ""Greenpeace"" e outras instituições pelo posicionamento sobre o assunto. Destaque para a necessidade de uma abordagem equilibrada que considere preocupações ambientais, sociais e econômicas.",Economia,,
504816,2024-03-19,Eduardo Braga,"Apelo para inclusão em pauta, para votação, da urgência constante do Requerimento nº 173, de 2024, ao Projeto de Lei (PL) n° 2221, de 2023, que ""Altera a Lei nº 8.080, de 19 de setembro de 1990 (Lei Orgânica da Saúde), para dispor sobre o atendimento de mulheres vítimas de violência em ambiente privativo e individualizado nos serviços de saúde prestados no âmbito do Sistema Único de Saúde"".",Saúde,,
519422,2025-12-10,Laércio Oliveira,"Orientação à bancada, pelo Partido PP, sobre a Proposta de Emenda à Constituição (PEC) n° 169, de 2019, que ""Altera o art. 37 da Constituição Federal para permitir a acumulação remunerada de um cargo de professor com outro de qualquer natureza”.",Trabalho,,
512953,2025-04-08,Plínio Valério,"Orientação à bancada, pelo Partido PSDB, sobre a Proposta de Emenda à Constituição (PEC) n° 2, de 2016, que ""Altera o art. 6º da Constituição da República, para incluir, dentre os direitos sociais, o direito ao saneamento básico.""",Infraestrutura,,
508346,2024-08-14,Rosana Martinelli,"Celebração dos 40 anos do Sindusmad (Sindicato das Indústrias Madeireiras do Norte do Estado de Mato Grosso), com destaque para as realizações da entidade em Sinop-MT. Ponderação sobre o manejo florestal responsável pela sustentabilidade da Floresta Amazônica.",Meio Ambiente,,
507265,2024-07-02,Jaques Wagner,"Orientação à bancada, pela Liderança do Governo, sobre o Projeto de Lei Complementar (PLP) n° 72, de 2024, que ""Altera a Lei Complementar nº 141, de 13 de janeiro de 2012, que regulamenta o § 3º do art. 198 da Constituição Federal, para dispor sobre as despesas de custeio e de investimento com os hospitais universitários federais, para fins de apuração do gasto mínimo constitucional em saúde"".",Saúde,,
513157,2025-04-24,Plínio Valério,Críticas à atuação do Instituto Chico Mendes de Conservação da Biodiversidade (ICMBio) em virtude da criação de novas áreas de proteção ambiental. Considerações sobre a suposta inversão de valores em curso no país.,Meio Ambiente,,
509479,2024-10-15,Teresa Leitão,Homenagem ao Dia do Professor e apelo em favor da valorização desses profissionais.,Educação,,
515361,2025-07-16,Jaques Wagner,"Como Relator - Para proferir parecer sobre a Proposta de Emenda à Constituição (PEC) n° 66, de 2023, que ""Abre novo prazo de parcelamento especial de débitos dos municípios com seus Regimes Próprios de Previdência Social dos Servidores Públicos e com o Regime Geral de Previdência Social"".",Economia,,
514808,2025-07-02,Nelsinho Trad,"Defesa da aprovação, pela CRE, do Projeto de Lei no.1532/25, de autoria de S. Exa., que trata da regularização de imóveis rurais em faixa de fronteira.",Política/Institucional,,
510657,2024-12-18,Beto Faro,"Orientação à bancada, pelo Partido PT, sobre o Projeto de Lei Complementar (PLP) n° 124, de 2022, que ""Dispõe sobre normas gerais de prevenção de litígio, consensualidade e processo administrativo, em matéria tributária"".",Economia,,
509152,2024-09-04,Zequinha Marinho,"Pela ordem sobre o Requerimento (RQS) n° 617, de 2024, que ""Requer voto de aplauso à Igreja Evangélica Assembleia de Deus Ministério do Utinga pelos seus 19 anos de fundação"".",Outros,,
520660,2026-03-17,Eduardo Girão,Críticas à indicação da Sra. Michelle Bachelet para a Secretaria-Geral da ONU e ao apoio do Governo Federal à candidatura. Denúncia de suposta instrumentalização ideológica e da consequente perda de credibilidade de organismos internacionais.,Relações Exteriores,,
518729,2025-12-04,Izalci Lucas,Abertura de sessão especial destinada a homenagear Rorion Gracie pelos 100 anos do Jiu-Jitsu no Brasil (1925-2025).,Outros,,
507401,2024-07-04,André Amaral,"Voto de pesar pelo falecimento do Sr. Sebastião Di Lorenzo Serpa, ex-Vice-Prefeito do Município de São Benedito do Rio Preto-MA, e do Sr. Ubirajara Bessa, ex-Prefeito do Município de Mataraca-PB.",Outros,,
509744,2024-10-30,Humberto Costa,Satisfação com os indicadores positivos de geração de empregos e renda e com os avanços socioeconômicos alcançados pelo Governo Lula.,Economia,,
517513,2025-10-14,Izalci Lucas,"Considerações sobre a importância de priorizar a educação no país, garantindo o acesso à alfabetização na primeira infância, criando uma política de Estado que assegure a educação profissional aos jovens e a valorização dos professores. Exposição de debate realizado na CCT sobre a inclusão da ciência e tecnologia na educação e alerta para a implementação de políticas públicas para os idosos diante do aumento anual de sua população. Preocupação com a falta de estrutura nas escolas, a ineficiência de programas como o Pé-de-Meia e a escassez de mão de obra qualificada, especialmente em tecnologia.",Educação,,
504648,2024-03-20,Plínio Valério,"Posicionamento contrário à eventual descriminalização do porte de drogas para uso pessoal, em julgamento no STF, e críticas aos Ministros da Corte por supostamente não estarem seguindo a Constituição no que se refere ao assunto da apreciação.",Segurança,,
516913,2025-09-24,Rogerio Marinho,"Orientação à bancada, pelo Partido PL, sobre o Projeto de Lei Complementar (PLP) n° 168, de 2025, que ""Dispõe sobre procedimentos excepcionais para despesas e renúncias fiscais associadas à mitigação dos impactos sociais e econômicos causados pela imposição de tarifas adicionais sobre exportações brasileiras aos Estados Unidos da América"".",Economia,,
509473,2024-10-15,Paulo Paim,Comemoração do Dia do Professor e relato sobre a importância desses profissionais para o desenvolvimento de uma nação. Preocupação quanto às condições de trabalho dos educadores brasileiros.,Educação,,
507543,2024-07-03,Rosana Martinelli,"Defesa do Projeto de Lei nº 2706/2024, que dispõe sobre anistia aos acusados e condenados por crimes contra as instituições democráticas, em razão dos atos ocorridos no dia 8 de janeiro de 2023. Preocupação com a suposta violação dos direitos individuais e a injusta punição de pessoas de bem. Críticas a condenações supostamente desproporcionais pelo Supremo Tribunal Federal (STF) e defesa da necessidade de uma resposta legislativa.",Política/Institucional,,
520207,2026-02-24,Paulo Paim,"Defesa da importância do sistema de Previdência Social para a proteção social dos trabalhadores, aposentados e pensionistas, com críticas a propostas de capitalização e privatização do sistema, e posicionamento favorável à revisão do modelo de contribuição empresarial.",Trabalho,,
517275,2025-09-30,Eduardo Girão,"Orientação à bancada, pelo Partido NOVO, sobre o Projeto de Lei Complementar (PLP) n° 108, de 2024, que ""Institui o Comitê Gestor do Imposto sobre Bens e Serviços (CG-IBS); dispõe sobre o processo administrativo tributário relativo ao lançamento de ofício do Imposto sobre Bens e Serviços (IBS), sobre a distribuição do produto da arrecadação do IBS aos entes federativos e sobre o Imposto sobre Transmissão Causa Mortis e Doação de Quaisquer Bens ou Direitos (ITCMD); altera as Leis nºs 5.172, de 25 de outubro de 1966 (Código Tributário Nacional), 1.079, de 10 de abril de 1950, e 14.113, de 25 de dezembro de 2020, as Leis Complementares nºs 63, de 11 de janeiro de 1990, 87, de 13 de setembro de 1996, 123, de 14 de dezembro de 2006, e 141, de 13 de janeiro de 2012, e o Decreto nº 70.235, de 6 de março de 1972.""",Economia,,
507254,2024-07-02,Otto Alencar,"Orientação à bancada, pelo Partido PSD, sobre o Projeto de Lei Complementar (PLP) n° 72, de 2024, que ""Altera a Lei Complementar nº 141, de 13 de janeiro de 2012, que regulamenta o § 3º do art. 198 da Constituição Federal, para dispor sobre as despesas de custeio e de investimento com os hospitais universitários federais, para fins de apuração do gasto mínimo constitucional em saúde"".",Saúde,,
503792,2024-02-07,Flávio Dino,Defesa das prerrogativas constitucionais do STF e apelo para que haja ponderação nos debates legislativos sobre eventuais alterações no atual modelo da Suprema Corte brasileira.,Política/Institucional,,
515494,2025-08-13,Otto Alencar,"Apelo que seja colocada em pauta a Proposta de Emenda à Constituição (PEC) n° 66, de 2023, que ""Altera a Constituição Federal, o Ato das Disposições Constitucionais Transitórias e a Emenda Constitucional nº 113, de 8 de dezembro de 2021, a fim de instituir limite para o pagamento de precatórios pelos Estados, pelo Distrito Federal e pelos Municípios e de estipular novo prazo de parcelamento especial de débitos dos Estados, dos Municípios e do Distrito Federal com seus regimes próprios de previdência social e dos Municípios com o Regime Geral de Previdência Social; e dá outras providências"".",Economia,,
511522,2024-12-19,Carlos Fávaro,"Orientação à bancada, pelo Partido PSD, sobre o Projeto de Lei Complementar (PLP) n° 210, de 2024, que ""Altera a Lei Complementar nº 200, de 30 de agosto de 2023, que institui regime fiscal sustentável para garantir a estabilidade macroeconômica do País e criar as condições adequadas ao crescimento socioeconômico; revoga a Lei Complementar nº 207, de 16 de maio de 2024; e dá outras providências”.",Economia,,
504418,2024-03-12,Paulo Paim,"Satisfação com o anúncio da criação de 100 novos Institutos Federais de Educação, feito pelo Presidente Lula, sendo 5 deles no Rio Grande do Sul.",Educação,,
504271,2024-03-06,Randolfe Rodrigues,"Elogio à atuação do Governo Federal nas áreas de economia, saúde, educação e cultura.",Economia,,
520443,2026-03-04,Jorge Seif,"Destaque para denúncias de fraude financeira, corrupção e atuação de organização criminosa no caso do Banco Master, com elogio à decisão do Ministro do STF André Mendonça, que decretou a prisão do empresário Daniel Vorcaro, e crítica à decisão do Ministro do STF Flávio Dino relacionada à investigação sobre o Sr. Fábio Luís Lula da Silva, filho do Presidente Lula.",Economia,,
513668,2025-05-23,Eduardo Girão,"Manifestação contrária à política externa, econômica e de segurança pública do Governo Lula. Anúncio da obtenção de assinaturas suficientes para a instauração de uma CPI da Confederação Brasileira de Futebol (CBF), com denúncias de irregularidades e de influência do Ministro do STF Gilmar Mendes.",Política/Institucional,,
508933,2024-09-03,Chico Rodrigues,"Exposição sobre a possível relação entre o aumento dos gastos da população brasileira com apostas online e a recuperação insuficiente do poder de compra das classes C e D, apesar do crescimento do emprego e da renda, conforme apontado em estudo da Strategy&. Destaque para os potenciais danos à saúde física e mental associados à dependência em jogos e apostas, ressaltando a importância de políticas eficazes de prevenção ao vício.",Saúde,,
505024,2024-04-10,Margareth Buzetti,"Orientação à bancada, pela Liderança da Bancada Feminina, sobre o Projeto de Lei Complementar (PLP) n° 252, de 2023, que ""Altera a Lei Complementar n° 182, de 1° de junho de 2021, para dispor sobre o contrato de investimento conversível em capital social (CICC)"".",Economia,,
520676,2026-03-18,Izalci Lucas,"Comentários sobre possíveis indícios de irregularidades na negociação de compra do Banco Master pelo Banco de Brasília (BRB), com apontamento de conexões entre autoridades do GDF, instituições financeiras e decisões judiciais. Acusação de supostas irregularidades em operações com o PicPay e prejuízos a aposentados e servidores do DF. Suspeita de blindagem institucional e gestão fraudulenta. Defesa de responsabilização dos envolvidos, com pedido de bloqueio de bens e proteção dos recursos públicos do Distrito Federal.",Economia,,
520383,2026-03-03,Augusta Brito,"Apelo para inclusão em pauta do Requerimento (RQS) n° 121, de 2026, que ""Requer a realização de Sessão Especial destinada a celebrar e a promover o lançamento do Guia da Candidata, em alusão ao Mês da Mulher, com foco na prevenção e no enfrentamento à violência política de gênero"".",Política/Institucional,,
504292,2024-03-06,Efraim Filho,"Comentário acerca do julgamento, pelo STF, da descriminalização do porte e da posse de drogas em pequenas quantidades, assunto objeto de PEC em tramitação do Senado Federal.",Segurança,,
503736,2024-02-08,Izalci Lucas,"Considerações sobre possibilidade de realização de audiência pública, na Comissão de Educação, a fim de debater irregularidades cometidas por instituições de ensino superior em cursos de medicina.",Educação,,
504049,2024-02-27,Humberto Costa,"Resposta ao pronunciamento do Senador Oriovisto Guimarães. Considerações sobre a atuação de partidos políticos, que não se assemelha à atuação de empresas do setor privado. Comentários acerca do pronunciamento de S.Exa. em defesa da democracia.",Política/Institucional,,
518967,2025-12-03,Jaime Bagattoli,"Como Relator sobre o Projeto de Lei (PL) n° 715, de 2023, que ""Altera as Leis nºs 5.889, de 8 de junho de 1973, e 14.601, de 19 de junho de 2023, a fim de excluir a remuneração decorrente do contrato de safra do cálculo da renda familiar mensal considerada para recebimento de benefícios sociais e de dispor sobre o registro de informações relativas ao contrato de safra no Sistema de Escrituração Digital das Obrigações Fiscais, Previdenciárias e Trabalhistas (eSocial)"".",Trabalho,,
510787,2024-12-18,Astronauta Marcos Pontes,"Como Relator - Para proferir parecer sobre o Projeto de Decreto Legislativo (PDL) n° 361, de 2024, que ""Aprova o texto do Protocolo Complementar sobre o Desenvolvimento Conjunto do CBERS-6 entre o Governo da República Federativa do Brasil e o Governo da República Popular da China ao “Acordo-Quadro sobre Cooperação em Aplicações Pacíficas de Ciência e Tecnologia do Espaço Exterior entre o Governo da República Federativa do Brasil e o Governo da República Popular da China”, assinado em Pequim, em 14 de abril de 2023"".",Relações Exteriores,,
507594,2024-07-03,Jaques Wagner,"Orientação à bancada, pela Liderança do Governo, sobre o Projeto de Lei Complementar (PLP) n° 262, de 2019, que ""Altera a Medida Provisória nº 2.156-5, de 24 de agosto de 2001, a Medida Provisória nº 2.157-5, de 24 de agosto de 2001, e a Lei Complementar nº 129, de 8 de janeiro de 2009, para permitir que as cooperativas possam ser beneficiárias dos recursos do Fundo de Desenvolvimento do Nordeste (FDNE), do Fundo de Desenvolvimento da Amazônia (FDA) e do Fundo de Desenvolvimento do Centro-Oeste (FDCO)"".",Economia,,
513967,2025-05-28,Beto Faro,"Elogios às recentes visitas do Presidente Lula à Rússia e à China, destacando os acordos firmados e a importância dessas relações para o desenvolvimento do país. Defesa do Brics como instrumento de nova governança econômica e da realização da COP 30, em Belém-PA, como símbolo do compromisso brasileiro com a agenda climática global.",Relações Exteriores,,
511259,2024-12-12,Flávio Arns,"Orientação à bancada, pelo Partido PSB, sobre o Projeto de Lei Complementar (PLP) n° 68, de 2024, que ""Institui o Imposto sobre Bens e Serviços (IBS), a Contribuição Social sobre Bens e Serviços (CBS) e o Imposto Seletivo (IS); e dá outras providências"".",Economia,,
506713,2024-06-05,Omar Aziz,"Orientação à bancada, pelo Partido PSD, sobre o Projeto de Lei (PL) n° 914, de 2024, que ""Institui o Programa Mobilidade Verde e Inovação (Programa Mover); estabelece a política de conteúdo local; altera o Decreto-Lei nº 1.804, de 3 de setembro de 1980; e revoga dispositivos da Lei nº 13.755, de 10 de dezembro de 2018.""",Economia,,
506863,2024-06-18,Rosana Martinelli,Posicionamento contrário às declarações proferidas pelo Presidente Lula em entrevista à Rádio CBN.,Política/Institucional,,
518740,2025-12-01,Izalci Lucas,Abertura de Sessão Especial destinada a celebrar o Dia Nacional do Delegado de Polícia.,Segurança,,
507789,2024-07-10,Flávio Arns,"Defesa da aprovação da Mensagem (SF) (MSF) n° 20, de 2024, que ""Submete à apreciação do Senado Federal, de conformidade com o art. 52, inciso IV, da Constituição, e com o art. 39, combinado com o art. 41 da Lei nº 11.440, de 2006, o nome da Senhora EUGÊNIA BARTHELMESS, Ministra de Primeira Classe do Quadro Especial da Carreira de Diplomata do Ministério das Relações Exteriores, para exercer o cargo de Embaixadora do Brasil na República de Angola"".",Relações Exteriores,,
522536,2026-06-02,Damares Alves,Sessão Especial destinada a comemorar os 50 anos do Teste do Pezinho no Brasil e os 65 anos de atuação do Instituto Jô Clemente. Comemoração pelo Distrito Federal ser a única unidade da Federação a cobrir 100% da rede com o teste ampliado. Comentários acerca da complexidade logística de replicar essa eficiência em estados de dimensões continentais como o Pará e o Amazonas. Registro do uso do Teste do Pezinho no combate ao infanticídio em comunidades indígenas.,Saúde,,
511710,2024-12-20,Cleitinho,Insatisfação  com  o  Governo  Federal  em  razão  das  alterações  no  Benefício  de Prestação Continuada  (BPC)  na  Proposta de Corte de Gastos.  Necessidade de que o ajuste fiscal  recaia sobre outras despesas dos Três Poderes.  Críticas à suposta leniência do sistema de justiça em  relação a acusados por corrupção.,Trabalho,,
506564,2024-05-29,Lucas Barreto,"Discussão sobre o Projeto de Lei (PL) n° 1213, de 2024, que ""Cria as carreiras de Especialista em Indigenismo, de Técnico em Indigenismo e de Tecnologia da Informação; cria o Plano Especial de Cargos da Funai (PECFunai) e o quadro suplementar da Fundação Nacional dos Povos Indígenas (Funai); define o órgão supervisor e altera a remuneração do cargo de Analista-Técnico de Políticas Sociais; altera a remuneração das carreiras e do Plano Especial de Cargos da Agência Nacional de Mineração (PEC-ANM); altera a remuneração dos cargos das carreiras de Policial Federal e de Policial Rodoviário Federal; cria a Polícia Penal Federal e a carreira de Policial Penal Federal; altera a remuneração dos cargos de Especialista Federal em Assistência à Execução Penal e de Técnico Federal de Apoio à Execução Penal; altera as Leis nºs 11.907, de 2 de fevereiro de 2009, 12.702, de 7 de agosto de 2012, 12.094, de 19 de novembro de 2009, 11.046, de 27 de dezembro de 2004, 10.871, de 20 de maio de 2004, 13.575, de 26 de dezembro de 2017, 14.204, de 16 de setembro de 2021, 14.600, de 19 de junho de 2023, 10.887, de 18 de junho de 2004, 11.358, de 19 de outubro de 2006, 9.654, de 2 de junho de 1998, 8.691, de 28 de julho de 1993, 12.277, de 30 de junho de 2010, e 11.356, de 19 de outubro de 2006; e revoga a Lei nº 10.693, de 25 de junho de 2003, e a Medida Provisória nº 1.203, de 29 de dezembro de 2023, e dispositivos das Leis nºs 8.460, de 17 de setembro de 1992, 11.357, de 19 de outubro de 2006, 11.538, de 8 de novembro de 2007, 12.775, de 28 de dezembro de 2012, 13.324, de 29 de julho de 2016, 13.327, de 29 de julho de 2016, 13.371, de 14 de dezembro de 2016, e 14.673, de 14 de setembro de 2023"".",Trabalho,,
516885,2025-09-24,Paulo Paim,"Comemoração da aprovação, no âmbito da CAS, de diversas matérias relevantes, com ênfase ao Projeto de Lei no.1271/2024, relatado por S. Exa., que ampliou a licença em caso de falecimento de parentes do trabalhador, ao Projeto no. 2472/2022, de sua autoria, que isenta os pacientes com lúpus e epilepsia da carência no INSS para concessão de aposentadoria e auxílio-doença, e ao Projeto de Lei no. 2.336/2023, que regulamenta a atividade profissional do motorista de ambulância.",Trabalho,,
515403,2025-08-04,Marcio Bittar,"Indignação com as supostas violações aos direitos humanos e ao devido processo legal no julgamento, pelo STF, do ex-Presidente Jair Bolsonaro e de outras lideranças do campo conservador. Apoio à estratégia do Deputado Federal Eduardo Bolsonaro em defesa da anistia aos acusados pelos atos de 8 de janeiro de 2023. Censura contra a política externa do Governo Federal.",Política/Institucional,,
509129,2024-09-04,Hamilton Mourão,"Orientação à bancada, pelo Partido REPUBLICANOS, sobre o destaque para votação em separado constante do Requerimento nº 623, de 2024, (Requer, pela Liderança do PSD, destaque para votação em separado da Emenda nº 45 ao Projeto de Lei nº 528/2020.) ao Projeto de Lei (PL) n° 528, de 2020, que ""Dispõe sobre a promoção da mobilidade sustentável de baixo carbono e a captura e a estocagem geológica de dióxido de carbono; institui o Programa Nacional de Combustível Sustentável de Aviação (ProBioQAV), o Programa Nacional de Diesel Verde (PNDV) e o Programa Nacional de Descarbonização do Produtor e Importador de Gás Natural e de Incentivo ao Biometano; e altera as Leis nºs 9.478, de 6 de agosto de 1997, 9.847, de 26 de outubro de 1999, 8.723, de 28 de outubro de 1993, e 13.033, de 24 de setembro de 2014"".",Meio Ambiente,,
522873,2026-06-09,Chico Rodrigues,"Relato sobre a reconstrução da estrutura educacional da Comunidade Indígena Jacaminzinho, no Município de Cantá-RR, com destaque para a transformação de um contêiner em centro educacional após o desabamento da escola anterior e para o apoio prestado por S. Exa. à iniciativa.",Educação,,
515969,2025-08-20,Randolfe Rodrigues,"Voto de pesar pelo falecimento da Sra. Maria Nilza Amaral, uma das dirigentes do Sindicato dos Servidores Públicos em Educação no Amapá (Sinsepeap) e militante do Partido dos Trabalhadores (PT).",Educação,,
522906,2026-06-16,Nelsinho Trad,"Sessão de premiações e condecorações destinada à entrega da Comenda Santa Dulce dos Pobres, destacando a importância de pessoas e instituições que desenvolvem ações de assistência social e solidariedade. Elogio à atuação dos Senadores Eduardo Girão e Damares Alves na criação da honraria. Destaque para o papel da sociedade civil no atendimento a populações vulneráveis. Considerações sobre a trajetória da Irmã Nilda Cavalcante, enfatizando sua atuação na educação e na gestão hospitalar, além de compartilhar um testemunho pessoal de fé relacionado à Beata Laura Vicuña e sua participação na publicação de um livro sobre a religiosa.",Saúde,,
517020,2025-10-01,Chico Rodrigues,"Apoio ao pronunciamento do Senador Plínio Valério sobre a importância do Pix, ressaltando sua adoção em massa pela população brasileira e até em áreas de fronteira, como Venezuela e Guiana. Defesa do Projeto de Lei (PL) n° 133, de 2022, que ""Altera a Lei nº 8.078, de 11 de setembro de 1990 – Código de Defesa do Consumidor, para prever regras de segurança ao usuário do PIX e criar mecanismos de recuperação célere dos valores transferidos, na hipótese de cometimento de crimes patrimoniais – Lei de Segurança do PIX"".",Economia,,
523136,2026-06-30,Rodrigo Pacheco,Abertura de Sessão Especial destinada a celebrar os 75 anos da Escola Nacional da Magistratura (ENM).,Política/Institucional,,
510418,2024-11-27,Paulo Paim,"Orientação à bancada, pelo Partido PT, sobre o Projeto de Lei Complementar (PLP) n° 153, de 2024, que ""Dispõe sobre a transposição e a transferência de saldos financeiros de exercícios passados resultantes de repasses do Fundo Nacional de Desenvolvimento da Educação (FNDE) para os Estados, o Distrito Federal e os Municípios.""",Educação,,
509005,2024-09-03,Izalci Lucas,"Preocupação com a atuação do Judiciário, em especial do Supremo Tribunal Federal. Críticas à OAB e à Associação Brasileira de Jornalistas (ABJ) pela ausência de posicionamento diante de suposto abuso de autoridade por parte dos tribunais. Comentário sobre suposto desrespeito às prerrogativas do Congresso Nacional.",Política/Institucional,,
515359,2025-07-16,Esperidião Amin,Crítica à decisão monocrática do Ministro o STF Alexandre de Moraes sobre o IOF.,Economia,,
511496,2024-12-19,Jaques Wagner,"Como Relator sobre o destaque para votação em separado constante do Requerimento nº 968, de 2024, (Requer, pela Liderança do PL, destaque para votação em separado da Emenda nº 14 ao Projeto de Lei Complementar nº 210/2024.) ao Projeto de Lei Complementar (PLP) n° 210, de 2024, que ""Altera a Lei Complementar nº 200, de 30 de agosto de 2023, que institui regime fiscal sustentável para garantir a estabilidade macroeconômica do País e criar as condições adequadas ao crescimento socioeconômico; revoga a Lei Complementar nº 207, de 16 de maio de 2024; e dá outras providências"".",Economia,,
521145,2026-03-31,Randolfe Rodrigues,"Como Relator, sobre a Medida Provisória (MPV) n° 1326, de 2025, que ""Dispõe sobre o reajuste da remuneração das forças de segurança pública do Distrito Federal, da remuneração da Polícia Militar e do Corpo de Bombeiros Militar dos ex-Territórios Federais e do antigo Distrito Federal e do valor do auxílio-moradia dos militares que especifica e sobre a extinção de cargos efetivos vagos."" Afirmação de que a Medida Provisória repara uma injustiça histórica ao garantir a equiparação dos vencimentos dos Policiais e Bombeiros Militares dos ex-Territórios Federais do Amapá e de Roraima com os do Distrito Federal.",Segurança,,
511309,2024-12-12,Styvenson Valentim,"Orientação à bancada, pelo Partido PODEMOS, sobre o destaque para votação em separado constante do Requerimento nº 909, de 2024, (Requer, em nome da liderança do PT, destaque para votação em separado da Emenda 2203 ao PLP 68/2024.) ao Projeto de Lei Complementar (PLP) n° 68, de 2024, que ""Institui o Imposto sobre Bens e Serviços (IBS), a Contribuição Social sobre Bens e Serviços (CBS) e o Imposto Seletivo (IS); e dá outras providências"".",Economia,,
506058,2024-05-21,Esperidião Amin,"Manifestação de apoio ao Projeto de Lei nº 5098/2019, de autoria do Senador Jayme Campos, que dispõe sobre a aplicação de recursos do Fundo Nacional sobre Mudança do Clima no combate ao desmatamento, às queimadas, aos incêndios florestais e aos desastres naturais.",Meio Ambiente,,
520086,2025-12-19,Davi Alcolumbre,"Fala da Presidência sobre promulgação da Emenda Constitucional nº 138/2025, que autoriza a acumulação remunerada de cargo de professor com outro de qualquer natureza, desde que respeitados o teto constitucional e a compatibilidade de horários.",Educação,,
511503,2024-12-19,Tereza Cristina,"Orientação à bancada, pelo Partido PP, sobre o destaque para votação em separado constante do Requerimento nº 968, de 2024, (Requer, pela Liderança do PL, destaque para votação em separado da Emenda nº 14 ao Projeto de Lei Complementar nº 210/2024.) ao Projeto de Lei Complementar (PLP) n° 210, de 2024, que ""Altera a Lei Complementar nº 200, de 30 de agosto de 2023, que institui regime fiscal sustentável para garantir a estabilidade macroeconômica do País e criar as condições adequadas ao crescimento socioeconômico; revoga a Lei Complementar nº 207, de 16 de maio de 2024; e dá outras providências"".",Economia,,
512879,2025-04-02,Jaques Wagner,"Comemoração dos resultados da viagem oficial do Presidente Lula ao Japão e ao Vietnã, com participação dos Presidentes das Casas Legislativas. Destaque à defesa da democracia, do multilateralismo, da ampliação do comércio exterior e da harmonia institucional entre os Poderes.",Relações Exteriores,,
509665,2024-10-29,Zequinha Marinho,"Preocupação com o impacto negativo das apostas online, as chamadas “bets”, e manifestação de apoio à instalação de CPI que investiga a crescente influência das apostas no orçamento das famílias brasileiras.",Economia,,
503870,2024-02-21,Flávio Arns,"Pela ordem sobre o Requerimento (RQS) n° 88, de 2024, que ""Requer a realização de Sessão Especial destinada a celebrar o Dia Mundial da Conscientização sobre o Autismo"".",Saúde,,
508256,2024-08-13,Dr. Hiran,Encerramento de debates temáticos destinada a debater políticas públicas para prevenção e tratamento do câncer de pulmão.,Saúde,,
516447,2025-09-02,Marcelo Castro,"Orientação à bancada, pelo Partido MDB, sobre a Proposta de Emenda à Constituição (PEC) n° 66, de 2023 (fase 2), que ""Altera a Constituição Federal, o Ato das Disposições Constitucionais Transitórias e a Emenda Constitucional nº 113, de 8 de dezembro de 2021, a fim de instituir limite para o pagamento de precatórios pelos Estados, pelo Distrito Federal e pelos Municípios e de estipular novo prazo de parcelamento especial de débitos dos Estados, dos Municípios e do Distrito Federal com seus regimes próprios de previdência social e dos Municípios com o Regime Geral de Previdência Social; e dá outras providências.""",Economia,,
513194,2025-05-05,Paulo Paim,"Preocupação com o avanço da pejotização e seus impactos nos direitos trabalhistas, com defesa da competência da Justiça do Trabalho para julgar essas causas e crítica à suspensão de processos sobre o tema pelo STF. Anúncio de audiência pública na CAS, no dia 29 de maio, para debater o assunto, e de Sessão Especial do Senado sobre o Dia do Trabalhador, no dia 9 de maio.",Trabalho,,
